Analysis & Synthesis report for motor
Sun Jan 11 17:28:41 2026
Quartus Prime Version 18.1.0 Build 625 09/12/2018 SJ Lite Edition


---------------------
; Table of Contents ;
---------------------
  1. Legal Notice
  2. Analysis & Synthesis Summary
  3. Analysis & Synthesis Settings
  4. Parallel Compilation
  5. Analysis & Synthesis Source Files Read
  6. Analysis & Synthesis Resource Usage Summary
  7. Analysis & Synthesis Resource Utilization by Entity
  8. Analysis & Synthesis RAM Summary
  9. Analysis & Synthesis DSP Block Usage Summary
 10. Analysis & Synthesis IP Cores Summary
 11. State Machine - |radar|sensor:inst6|median_filter:inst7|state
 12. State Machine - |radar|sensor:inst6|echo:inst10|curr_state
 13. Registers Removed During Synthesis
 14. General Register Statistics
 15. Inverted Register Statistics
 16. Multiplexer Restructuring Statistics (Restructuring Performed)
 17. Source assignments for vga:inst7|rom:inst3|altsyncram:altsyncram_component|altsyncram_g3a1:auto_generated
 18. Parameter Settings for User Entity Instance: sensor:inst6|validator:inst8
 19. Parameter Settings for User Entity Instance: vga:inst7|freqdivider:inst
 20. Parameter Settings for User Entity Instance: vga:inst7|rom:inst3|altsyncram:altsyncram_component
 21. Parameter Settings for Inferred Entity Instance: vga:inst7|vga_graphics:inst10|lpm_mult:Mult1
 22. Parameter Settings for Inferred Entity Instance: vga:inst7|vga_graphics:inst10|lpm_mult:Mult0
 23. Parameter Settings for Inferred Entity Instance: vga:inst7|vga_graphics:inst10|lpm_mult:Mult3
 24. Parameter Settings for Inferred Entity Instance: sensor:inst6|echo:inst10|lpm_mult:Mult0
 25. Parameter Settings for Inferred Entity Instance: vga:inst7|vga_graphics:inst10|lpm_mult:Mult2
 26. altsyncram Parameter Settings by Entity Instance
 27. lpm_mult Parameter Settings by Entity Instance
 28. Post-Synthesis Netlist Statistics for Top Partition
 29. Elapsed Time Per Partition
 30. Analysis & Synthesis Messages



----------------
; Legal Notice ;
----------------
Copyright (C) 2018  Intel Corporation. All rights reserved.
Your use of Intel Corporation's design tools, logic functions 
and other software and tools, and its AMPP partner logic 
functions, and any output files from any of the foregoing 
(including device programming or simulation files), and any 
associated documentation or information are expressly subject 
to the terms and conditions of the Intel Program License 
Subscription Agreement, the Intel Quartus Prime License Agreement,
the Intel FPGA IP License Agreement, or other applicable license
agreement, including, without limitation, that your use is for
the sole purpose of programming logic devices manufactured by
Intel and sold by Intel or its authorized distributors.  Please
refer to the applicable agreement for further details.



+----------------------------------------------------------------------------------+
; Analysis & Synthesis Summary                                                     ;
+------------------------------------+---------------------------------------------+
; Analysis & Synthesis Status        ; Successful - Sun Jan 11 17:28:41 2026       ;
; Quartus Prime Version              ; 18.1.0 Build 625 09/12/2018 SJ Lite Edition ;
; Revision Name                      ; motor                                       ;
; Top-level Entity Name              ; radar                                       ;
; Family                             ; MAX 10                                      ;
; Total logic elements               ; 1,102                                       ;
;     Total combinational functions  ; 1,002                                       ;
;     Dedicated logic registers      ; 381                                         ;
; Total registers                    ; 381                                         ;
; Total pins                         ; 48                                          ;
; Total virtual pins                 ; 0                                           ;
; Total memory bits                  ; 262,144                                     ;
; Embedded Multiplier 9-bit elements ; 7                                           ;
; Total PLLs                         ; 0                                           ;
; UFM blocks                         ; 0                                           ;
; ADC blocks                         ; 0                                           ;
+------------------------------------+---------------------------------------------+


+------------------------------------------------------------------------------------------------------------+
; Analysis & Synthesis Settings                                                                              ;
+------------------------------------------------------------------+--------------------+--------------------+
; Option                                                           ; Setting            ; Default Value      ;
+------------------------------------------------------------------+--------------------+--------------------+
; Device                                                           ; 10M50DAF484C7G     ;                    ;
; Top-level entity name                                            ; radar              ; motor              ;
; Family name                                                      ; MAX 10             ; Cyclone V          ;
; Block Design Naming                                              ; MaxPlusII          ; Auto               ;
; Use smart compilation                                            ; Off                ; Off                ;
; Enable parallel Assembler and Timing Analyzer during compilation ; On                 ; On                 ;
; Enable compact report table                                      ; Off                ; Off                ;
; Restructure Multiplexers                                         ; Auto               ; Auto               ;
; Create Debugging Nodes for IP Cores                              ; Off                ; Off                ;
; Preserve fewer node names                                        ; On                 ; On                 ;
; Intel FPGA IP Evaluation Mode                                    ; Enable             ; Enable             ;
; Verilog Version                                                  ; Verilog_2001       ; Verilog_2001       ;
; VHDL Version                                                     ; VHDL_1993          ; VHDL_1993          ;
; State Machine Processing                                         ; Auto               ; Auto               ;
; Safe State Machine                                               ; Off                ; Off                ;
; Extract Verilog State Machines                                   ; On                 ; On                 ;
; Extract VHDL State Machines                                      ; On                 ; On                 ;
; Ignore Verilog initial constructs                                ; Off                ; Off                ;
; Iteration limit for constant Verilog loops                       ; 5000               ; 5000               ;
; Iteration limit for non-constant Verilog loops                   ; 250                ; 250                ;
; Add Pass-Through Logic to Inferred RAMs                          ; On                 ; On                 ;
; Infer RAMs from Raw Logic                                        ; On                 ; On                 ;
; Parallel Synthesis                                               ; On                 ; On                 ;
; DSP Block Balancing                                              ; Auto               ; Auto               ;
; NOT Gate Push-Back                                               ; On                 ; On                 ;
; Power-Up Don't Care                                              ; On                 ; On                 ;
; Remove Redundant Logic Cells                                     ; Off                ; Off                ;
; Remove Duplicate Registers                                       ; On                 ; On                 ;
; Ignore CARRY Buffers                                             ; Off                ; Off                ;
; Ignore CASCADE Buffers                                           ; Off                ; Off                ;
; Ignore GLOBAL Buffers                                            ; Off                ; Off                ;
; Ignore ROW GLOBAL Buffers                                        ; Off                ; Off                ;
; Ignore LCELL Buffers                                             ; Off                ; Off                ;
; Ignore SOFT Buffers                                              ; On                 ; On                 ;
; Limit AHDL Integers to 32 Bits                                   ; Off                ; Off                ;
; Optimization Technique                                           ; Balanced           ; Balanced           ;
; Carry Chain Length                                               ; 70                 ; 70                 ;
; Auto Carry Chains                                                ; On                 ; On                 ;
; Auto Open-Drain Pins                                             ; On                 ; On                 ;
; Perform WYSIWYG Primitive Resynthesis                            ; Off                ; Off                ;
; Auto ROM Replacement                                             ; On                 ; On                 ;
; Auto RAM Replacement                                             ; On                 ; On                 ;
; Auto DSP Block Replacement                                       ; On                 ; On                 ;
; Auto Shift Register Replacement                                  ; Auto               ; Auto               ;
; Allow Shift Register Merging across Hierarchies                  ; Auto               ; Auto               ;
; Auto Clock Enable Replacement                                    ; On                 ; On                 ;
; Strict RAM Replacement                                           ; Off                ; Off                ;
; Allow Synchronous Control Signals                                ; On                 ; On                 ;
; Force Use of Synchronous Clear Signals                           ; Off                ; Off                ;
; Auto RAM Block Balancing                                         ; On                 ; On                 ;
; Auto RAM to Logic Cell Conversion                                ; Off                ; Off                ;
; Auto Resource Sharing                                            ; Off                ; Off                ;
; Allow Any RAM Size For Recognition                               ; Off                ; Off                ;
; Allow Any ROM Size For Recognition                               ; Off                ; Off                ;
; Allow Any Shift Register Size For Recognition                    ; Off                ; Off                ;
; Use LogicLock Constraints during Resource Balancing              ; On                 ; On                 ;
; Ignore translate_off and synthesis_off directives                ; Off                ; Off                ;
; Timing-Driven Synthesis                                          ; On                 ; On                 ;
; Report Parameter Settings                                        ; On                 ; On                 ;
; Report Source Assignments                                        ; On                 ; On                 ;
; Report Connectivity Checks                                       ; On                 ; On                 ;
; Ignore Maximum Fan-Out Assignments                               ; Off                ; Off                ;
; Synchronization Register Chain Length                            ; 2                  ; 2                  ;
; Power Optimization During Synthesis                              ; Normal compilation ; Normal compilation ;
; HDL message level                                                ; Level2             ; Level2             ;
; Suppress Register Optimization Related Messages                  ; Off                ; Off                ;
; Number of Removed Registers Reported in Synthesis Report         ; 5000               ; 5000               ;
; Number of Swept Nodes Reported in Synthesis Report               ; 5000               ; 5000               ;
; Number of Inverted Registers Reported in Synthesis Report        ; 100                ; 100                ;
; Clock MUX Protection                                             ; On                 ; On                 ;
; Auto Gated Clock Conversion                                      ; Off                ; Off                ;
; SDC constraint protection                                        ; Off                ; Off                ;
; Synthesis Effort                                                 ; Auto               ; Auto               ;
; Shift Register Replacement - Allow Asynchronous Clear Signal     ; On                 ; On                 ;
; Pre-Mapping Resynthesis Optimization                             ; Off                ; Off                ;
; Analysis & Synthesis Message Level                               ; Medium             ; Medium             ;
; Disable Register Merging Across Hierarchies                      ; Auto               ; Auto               ;
; Resource Aware Inference For Block RAM                           ; On                 ; On                 ;
+------------------------------------------------------------------+--------------------+--------------------+


+------------------------------------------+
; Parallel Compilation                     ;
+----------------------------+-------------+
; Processors                 ; Number      ;
+----------------------------+-------------+
; Number detected on machine ; 16          ;
; Maximum allowed            ; 8           ;
;                            ;             ;
; Average used               ; 1.00        ;
; Maximum used               ; 8           ;
;                            ;             ;
; Usage by Processor         ; % Time Used ;
;     Processor 1            ; 100.0%      ;
;     Processor 2            ;   0.0%      ;
;     Processor 3            ;   0.0%      ;
;     Processor 4            ;   0.0%      ;
;     Processor 5            ;   0.0%      ;
;     Processor 6            ;   0.0%      ;
;     Processor 7            ;   0.0%      ;
;     Processor 8            ;   0.0%      ;
+----------------------------+-------------+


+--------------------------------------------------------------------------------------------------------------------------------------------------------------------------------------------------------+
; Analysis & Synthesis Source Files Read                                                                                                                                                                 ;
+----------------------------------+-----------------+------------------------------------+----------------------------------------------------------------------------------------------------+---------+
; File Name with User-Entered Path ; Used in Netlist ; File Type                          ; File Name with Absolute Path                                                                       ; Library ;
+----------------------------------+-----------------+------------------------------------+----------------------------------------------------------------------------------------------------+---------+
; sin_lut.v                        ; yes             ; User Verilog HDL File              ; C:/Users/aless/Documents/ALESSIO/Laurea_Magistrale/3_PSD/Codice/5_radar/sin_lut.v                  ;         ;
; cos_lut.v                        ; yes             ; User Verilog HDL File              ; C:/Users/aless/Documents/ALESSIO/Laurea_Magistrale/3_PSD/Codice/5_radar/cos_lut.v                  ;         ;
; radar_green.mif                  ; yes             ; User Memory Initialization File    ; C:/Users/aless/Documents/ALESSIO/Laurea_Magistrale/3_PSD/Codice/5_radar/radar_green.mif            ;         ;
; rom.v                            ; yes             ; User Wizard-Generated File         ; C:/Users/aless/Documents/ALESSIO/Laurea_Magistrale/3_PSD/Codice/5_radar/rom.v                      ;         ;
; vga_graphics.v                   ; yes             ; User Verilog HDL File              ; C:/Users/aless/Documents/ALESSIO/Laurea_Magistrale/3_PSD/Codice/5_radar/vga_graphics.v             ;         ;
; vga_controller.v                 ; yes             ; User Verilog HDL File              ; C:/Users/aless/Documents/ALESSIO/Laurea_Magistrale/3_PSD/Codice/5_radar/vga_controller.v           ;         ;
; motor.bdf                        ; yes             ; User Block Diagram/Schematic File  ; C:/Users/aless/Documents/ALESSIO/Laurea_Magistrale/3_PSD/Codice/5_radar/motor.bdf                  ;         ;
; validator.v                      ; yes             ; User Verilog HDL File              ; C:/Users/aless/Documents/ALESSIO/Laurea_Magistrale/3_PSD/Codice/5_radar/validator.v                ;         ;
; median_filter.v                  ; yes             ; User Verilog HDL File              ; C:/Users/aless/Documents/ALESSIO/Laurea_Magistrale/3_PSD/Codice/5_radar/median_filter.v            ;         ;
; sensor.bdf                       ; yes             ; User Block Diagram/Schematic File  ; C:/Users/aless/Documents/ALESSIO/Laurea_Magistrale/3_PSD/Codice/5_radar/sensor.bdf                 ;         ;
; pwm.v                            ; yes             ; User Verilog HDL File              ; C:/Users/aless/Documents/ALESSIO/Laurea_Magistrale/3_PSD/Codice/5_radar/pwm.v                      ;         ;
; freqdivider.v                    ; yes             ; User Verilog HDL File              ; C:/Users/aless/Documents/ALESSIO/Laurea_Magistrale/3_PSD/Codice/5_radar/freqdivider.v              ;         ;
; dutycycle.v                      ; yes             ; User Verilog HDL File              ; C:/Users/aless/Documents/ALESSIO/Laurea_Magistrale/3_PSD/Codice/5_radar/dutycycle.v                ;         ;
; trigger.v                        ; yes             ; User Verilog HDL File              ; C:/Users/aless/Documents/ALESSIO/Laurea_Magistrale/3_PSD/Codice/5_radar/trigger.v                  ;         ;
; echo.v                           ; yes             ; User Verilog HDL File              ; C:/Users/aless/Documents/ALESSIO/Laurea_Magistrale/3_PSD/Codice/5_radar/echo.v                     ;         ;
; bin2bcd.v                        ; yes             ; User Verilog HDL File              ; C:/Users/aless/Documents/ALESSIO/Laurea_Magistrale/3_PSD/Codice/5_radar/bin2bcd.v                  ;         ;
; mux7seg.v                        ; yes             ; User Verilog HDL File              ; C:/Users/aless/Documents/ALESSIO/Laurea_Magistrale/3_PSD/Codice/5_radar/mux7seg.v                  ;         ;
; SR.v                             ; yes             ; User Verilog HDL File              ; C:/Users/aless/Documents/ALESSIO/Laurea_Magistrale/3_PSD/Codice/5_radar/SR.v                       ;         ;
; enabler.v                        ; yes             ; User Verilog HDL File              ; C:/Users/aless/Documents/ALESSIO/Laurea_Magistrale/3_PSD/Codice/5_radar/enabler.v                  ;         ;
; mux_valid.v                      ; yes             ; User Verilog HDL File              ; C:/Users/aless/Documents/ALESSIO/Laurea_Magistrale/3_PSD/Codice/5_radar/mux_valid.v                ;         ;
; radar.bdf                        ; yes             ; User Block Diagram/Schematic File  ; C:/Users/aless/Documents/ALESSIO/Laurea_Magistrale/3_PSD/Codice/5_radar/radar.bdf                  ;         ;
; vga.bdf                          ; yes             ; User Block Diagram/Schematic File  ; C:/Users/aless/Documents/ALESSIO/Laurea_Magistrale/3_PSD/Codice/5_radar/vga.bdf                    ;         ;
; dff_base.v                       ; yes             ; User Verilog HDL File              ; C:/Users/aless/Documents/ALESSIO/Laurea_Magistrale/3_PSD/Codice/5_radar/dff_base.v                 ;         ;
; sincronizzatore_ottimo.bdf       ; yes             ; User Block Diagram/Schematic File  ; C:/Users/aless/Documents/ALESSIO/Laurea_Magistrale/3_PSD/Codice/5_radar/sincronizzatore_ottimo.bdf ;         ;
; mux_valid_12bit.v                ; yes             ; User Verilog HDL File              ; C:/Users/aless/Documents/ALESSIO/Laurea_Magistrale/3_PSD/Codice/5_radar/mux_valid_12bit.v          ;         ;
; ritardatore.bdf                  ; yes             ; User Block Diagram/Schematic File  ; C:/Users/aless/Documents/ALESSIO/Laurea_Magistrale/3_PSD/Codice/5_radar/ritardatore.bdf            ;         ;
; altsyncram.tdf                   ; yes             ; Megafunction                       ; c:/intelfpga_lite/18.1/quartus/libraries/megafunctions/altsyncram.tdf                              ;         ;
; stratix_ram_block.inc            ; yes             ; Megafunction                       ; c:/intelfpga_lite/18.1/quartus/libraries/megafunctions/stratix_ram_block.inc                       ;         ;
; lpm_mux.inc                      ; yes             ; Megafunction                       ; c:/intelfpga_lite/18.1/quartus/libraries/megafunctions/lpm_mux.inc                                 ;         ;
; lpm_decode.inc                   ; yes             ; Megafunction                       ; c:/intelfpga_lite/18.1/quartus/libraries/megafunctions/lpm_decode.inc                              ;         ;
; aglobal181.inc                   ; yes             ; Megafunction                       ; c:/intelfpga_lite/18.1/quartus/libraries/megafunctions/aglobal181.inc                              ;         ;
; a_rdenreg.inc                    ; yes             ; Megafunction                       ; c:/intelfpga_lite/18.1/quartus/libraries/megafunctions/a_rdenreg.inc                               ;         ;
; altrom.inc                       ; yes             ; Megafunction                       ; c:/intelfpga_lite/18.1/quartus/libraries/megafunctions/altrom.inc                                  ;         ;
; altram.inc                       ; yes             ; Megafunction                       ; c:/intelfpga_lite/18.1/quartus/libraries/megafunctions/altram.inc                                  ;         ;
; altdpram.inc                     ; yes             ; Megafunction                       ; c:/intelfpga_lite/18.1/quartus/libraries/megafunctions/altdpram.inc                                ;         ;
; db/altsyncram_g3a1.tdf           ; yes             ; Auto-Generated Megafunction        ; C:/Users/aless/Documents/ALESSIO/Laurea_Magistrale/3_PSD/Codice/5_radar/db/altsyncram_g3a1.tdf     ;         ;
; db/decode_pk9.tdf                ; yes             ; Auto-Generated Megafunction        ; C:/Users/aless/Documents/ALESSIO/Laurea_Magistrale/3_PSD/Codice/5_radar/db/decode_pk9.tdf          ;         ;
; db/mux_93b.tdf                   ; yes             ; Auto-Generated Megafunction        ; C:/Users/aless/Documents/ALESSIO/Laurea_Magistrale/3_PSD/Codice/5_radar/db/mux_93b.tdf             ;         ;
; lpm_mult.tdf                     ; yes             ; Megafunction                       ; c:/intelfpga_lite/18.1/quartus/libraries/megafunctions/lpm_mult.tdf                                ;         ;
; lpm_add_sub.inc                  ; yes             ; Megafunction                       ; c:/intelfpga_lite/18.1/quartus/libraries/megafunctions/lpm_add_sub.inc                             ;         ;
; multcore.inc                     ; yes             ; Megafunction                       ; c:/intelfpga_lite/18.1/quartus/libraries/megafunctions/multcore.inc                                ;         ;
; bypassff.inc                     ; yes             ; Megafunction                       ; c:/intelfpga_lite/18.1/quartus/libraries/megafunctions/bypassff.inc                                ;         ;
; altshift.inc                     ; yes             ; Megafunction                       ; c:/intelfpga_lite/18.1/quartus/libraries/megafunctions/altshift.inc                                ;         ;
; db/mult_9fs.tdf                  ; yes             ; Auto-Generated Megafunction        ; C:/Users/aless/Documents/ALESSIO/Laurea_Magistrale/3_PSD/Codice/5_radar/db/mult_9fs.tdf            ;         ;
; multcore.tdf                     ; yes             ; Megafunction                       ; c:/intelfpga_lite/18.1/quartus/libraries/megafunctions/multcore.tdf                                ;         ;
; csa_add.inc                      ; yes             ; Megafunction                       ; c:/intelfpga_lite/18.1/quartus/libraries/megafunctions/csa_add.inc                                 ;         ;
; mpar_add.inc                     ; yes             ; Megafunction                       ; c:/intelfpga_lite/18.1/quartus/libraries/megafunctions/mpar_add.inc                                ;         ;
; muleabz.inc                      ; yes             ; Megafunction                       ; c:/intelfpga_lite/18.1/quartus/libraries/megafunctions/muleabz.inc                                 ;         ;
; mul_lfrg.inc                     ; yes             ; Megafunction                       ; c:/intelfpga_lite/18.1/quartus/libraries/megafunctions/mul_lfrg.inc                                ;         ;
; mul_boothc.inc                   ; yes             ; Megafunction                       ; c:/intelfpga_lite/18.1/quartus/libraries/megafunctions/mul_boothc.inc                              ;         ;
; alt_ded_mult.inc                 ; yes             ; Megafunction                       ; c:/intelfpga_lite/18.1/quartus/libraries/megafunctions/alt_ded_mult.inc                            ;         ;
; alt_ded_mult_y.inc               ; yes             ; Megafunction                       ; c:/intelfpga_lite/18.1/quartus/libraries/megafunctions/alt_ded_mult_y.inc                          ;         ;
; dffpipe.inc                      ; yes             ; Megafunction                       ; c:/intelfpga_lite/18.1/quartus/libraries/megafunctions/dffpipe.inc                                 ;         ;
; mpar_add.tdf                     ; yes             ; Megafunction                       ; c:/intelfpga_lite/18.1/quartus/libraries/megafunctions/mpar_add.tdf                                ;         ;
; lpm_add_sub.tdf                  ; yes             ; Megafunction                       ; c:/intelfpga_lite/18.1/quartus/libraries/megafunctions/lpm_add_sub.tdf                             ;         ;
; addcore.inc                      ; yes             ; Megafunction                       ; c:/intelfpga_lite/18.1/quartus/libraries/megafunctions/addcore.inc                                 ;         ;
; look_add.inc                     ; yes             ; Megafunction                       ; c:/intelfpga_lite/18.1/quartus/libraries/megafunctions/look_add.inc                                ;         ;
; alt_stratix_add_sub.inc          ; yes             ; Megafunction                       ; c:/intelfpga_lite/18.1/quartus/libraries/megafunctions/alt_stratix_add_sub.inc                     ;         ;
; db/add_sub_drg.tdf               ; yes             ; Auto-Generated Megafunction        ; C:/Users/aless/Documents/ALESSIO/Laurea_Magistrale/3_PSD/Codice/5_radar/db/add_sub_drg.tdf         ;         ;
; db/add_sub_hrg.tdf               ; yes             ; Auto-Generated Megafunction        ; C:/Users/aless/Documents/ALESSIO/Laurea_Magistrale/3_PSD/Codice/5_radar/db/add_sub_hrg.tdf         ;         ;
; altshift.tdf                     ; yes             ; Megafunction                       ; c:/intelfpga_lite/18.1/quartus/libraries/megafunctions/altshift.tdf                                ;         ;
; db/mult_1qs.tdf                  ; yes             ; Auto-Generated Megafunction        ; C:/Users/aless/Documents/ALESSIO/Laurea_Magistrale/3_PSD/Codice/5_radar/db/mult_1qs.tdf            ;         ;
+----------------------------------+-----------------+------------------------------------+----------------------------------------------------------------------------------------------------+---------+


+-------------------------------------------------------------------+
; Analysis & Synthesis Resource Usage Summary                       ;
+---------------------------------------------+---------------------+
; Resource                                    ; Usage               ;
+---------------------------------------------+---------------------+
; Estimated Total logic elements              ; 1,102               ;
;                                             ;                     ;
; Total combinational functions               ; 1002                ;
; Logic element usage by number of LUT inputs ;                     ;
;     -- 4 input functions                    ; 481                 ;
;     -- 3 input functions                    ; 268                 ;
;     -- <=2 input functions                  ; 253                 ;
;                                             ;                     ;
; Logic elements by mode                      ;                     ;
;     -- normal mode                          ; 632                 ;
;     -- arithmetic mode                      ; 370                 ;
;                                             ;                     ;
; Total registers                             ; 381                 ;
;     -- Dedicated logic registers            ; 381                 ;
;     -- I/O registers                        ; 0                   ;
;                                             ;                     ;
; I/O pins                                    ; 48                  ;
; Total memory bits                           ; 262144              ;
;                                             ;                     ;
; Embedded Multiplier 9-bit elements          ; 7                   ;
;                                             ;                     ;
; Maximum fan-out node                        ; MAX10_CLK1_50~input ;
; Maximum fan-out                             ; 413                 ;
; Total fan-out                               ; 4998                ;
; Average fan-out                             ; 3.29                ;
+---------------------------------------------+---------------------+


+-----------------------------------------------------------------------------------------------------------------------------------------------------------------------------------------------------------------------------------------------------------------------------------------------------------------------------------------------------------------------------------------------------------------+
; Analysis & Synthesis Resource Utilization by Entity                                                                                                                                                                                                                                                                                                                                                             ;
+------------------------------------------------------+---------------------+---------------------------+-------------+------------+--------------+---------+-----------+------+--------------+------------+-------------------------------------------------------------------------------------------------------------------------------------------------------------+------------------------+--------------+
; Compilation Hierarchy Node                           ; Combinational ALUTs ; Dedicated Logic Registers ; Memory Bits ; UFM Blocks ; DSP Elements ; DSP 9x9 ; DSP 18x18 ; Pins ; Virtual Pins ; ADC blocks ; Full Hierarchy Name                                                                                                                                         ; Entity Name            ; Library Name ;
+------------------------------------------------------+---------------------+---------------------------+-------------+------------+--------------+---------+-----------+------+--------------+------------+-------------------------------------------------------------------------------------------------------------------------------------------------------------+------------------------+--------------+
; |radar                                               ; 1002 (1)            ; 381 (0)                   ; 262144      ; 0          ; 7            ; 1       ; 3         ; 48   ; 0            ; 0          ; |radar                                                                                                                                                      ; radar                  ; work         ;
;    |motor:inst|                                      ; 77 (0)              ; 47 (0)                    ; 0           ; 0          ; 0            ; 0       ; 0         ; 0    ; 0            ; 0          ; |radar|motor:inst                                                                                                                                           ; motor                  ; work         ;
;       |dutycycle:inst|                               ; 30 (30)             ; 25 (25)                   ; 0           ; 0          ; 0            ; 0       ; 0         ; 0    ; 0            ; 0          ; |radar|motor:inst|dutycycle:inst                                                                                                                            ; dutycycle              ; work         ;
;       |pwm:inst2|                                    ; 47 (47)             ; 22 (22)                   ; 0           ; 0          ; 0            ; 0       ; 0         ; 0    ; 0            ; 0          ; |radar|motor:inst|pwm:inst2                                                                                                                                 ; pwm                    ; work         ;
;    |sensor:inst6|                                    ; 550 (0)             ; 221 (0)                   ; 0           ; 0          ; 3            ; 1       ; 1         ; 0    ; 0            ; 0          ; |radar|sensor:inst6                                                                                                                                         ; sensor                 ; work         ;
;       |SR:inst|                                      ; 10 (10)             ; 60 (60)                   ; 0           ; 0          ; 0            ; 0       ; 0         ; 0    ; 0            ; 0          ; |radar|sensor:inst6|SR:inst                                                                                                                                 ; SR                     ; work         ;
;       |bin2bcd:inst11|                               ; 71 (71)             ; 0 (0)                     ; 0           ; 0          ; 0            ; 0       ; 0         ; 0    ; 0            ; 0          ; |radar|sensor:inst6|bin2bcd:inst11                                                                                                                          ; bin2bcd                ; work         ;
;       |echo:inst10|                                  ; 76 (76)             ; 46 (46)                   ; 0           ; 0          ; 3            ; 1       ; 1         ; 0    ; 0            ; 0          ; |radar|sensor:inst6|echo:inst10                                                                                                                             ; echo                   ; work         ;
;          |lpm_mult:Mult0|                            ; 0 (0)               ; 0 (0)                     ; 0           ; 0          ; 3            ; 1       ; 1         ; 0    ; 0            ; 0          ; |radar|sensor:inst6|echo:inst10|lpm_mult:Mult0                                                                                                              ; lpm_mult               ; work         ;
;             |mult_1qs:auto_generated|                ; 0 (0)               ; 0 (0)                     ; 0           ; 0          ; 3            ; 1       ; 1         ; 0    ; 0            ; 0          ; |radar|sensor:inst6|echo:inst10|lpm_mult:Mult0|mult_1qs:auto_generated                                                                                      ; mult_1qs               ; work         ;
;       |enabler:inst1|                                ; 4 (4)               ; 4 (4)                     ; 0           ; 0          ; 0            ; 0       ; 0         ; 0    ; 0            ; 0          ; |radar|sensor:inst6|enabler:inst1                                                                                                                           ; enabler                ; work         ;
;       |median_filter:inst7|                          ; 286 (286)           ; 79 (79)                   ; 0           ; 0          ; 0            ; 0       ; 0         ; 0    ; 0            ; 0          ; |radar|sensor:inst6|median_filter:inst7                                                                                                                     ; median_filter          ; work         ;
;       |mux7seg:inst3|                                ; 7 (7)               ; 0 (0)                     ; 0           ; 0          ; 0            ; 0       ; 0         ; 0    ; 0            ; 0          ; |radar|sensor:inst6|mux7seg:inst3                                                                                                                           ; mux7seg                ; work         ;
;       |mux7seg:inst4|                                ; 7 (7)               ; 0 (0)                     ; 0           ; 0          ; 0            ; 0       ; 0         ; 0    ; 0            ; 0          ; |radar|sensor:inst6|mux7seg:inst4                                                                                                                           ; mux7seg                ; work         ;
;       |mux7seg:inst5|                                ; 7 (7)               ; 0 (0)                     ; 0           ; 0          ; 0            ; 0       ; 0         ; 0    ; 0            ; 0          ; |radar|sensor:inst6|mux7seg:inst5                                                                                                                           ; mux7seg                ; work         ;
;       |mux7seg:inst6|                                ; 15 (15)             ; 0 (0)                     ; 0           ; 0          ; 0            ; 0       ; 0         ; 0    ; 0            ; 0          ; |radar|sensor:inst6|mux7seg:inst6                                                                                                                           ; mux7seg                ; work         ;
;       |mux_valid:inst12|                             ; 12 (12)             ; 0 (0)                     ; 0           ; 0          ; 0            ; 0       ; 0         ; 0    ; 0            ; 0          ; |radar|sensor:inst6|mux_valid:inst12                                                                                                                        ; mux_valid              ; work         ;
;       |mux_valid_12bit:inst9|                        ; 10 (10)             ; 0 (0)                     ; 0           ; 0          ; 0            ; 0       ; 0         ; 0    ; 0            ; 0          ; |radar|sensor:inst6|mux_valid_12bit:inst9                                                                                                                   ; mux_valid_12bit        ; work         ;
;       |ritardatore:inst13|                           ; 0 (0)               ; 8 (0)                     ; 0           ; 0          ; 0            ; 0       ; 0         ; 0    ; 0            ; 0          ; |radar|sensor:inst6|ritardatore:inst13                                                                                                                      ; ritardatore            ; work         ;
;          |dff_base:inst10|                           ; 0 (0)               ; 1 (1)                     ; 0           ; 0          ; 0            ; 0       ; 0         ; 0    ; 0            ; 0          ; |radar|sensor:inst6|ritardatore:inst13|dff_base:inst10                                                                                                      ; dff_base               ; work         ;
;          |dff_base:inst4|                            ; 0 (0)               ; 1 (1)                     ; 0           ; 0          ; 0            ; 0       ; 0         ; 0    ; 0            ; 0          ; |radar|sensor:inst6|ritardatore:inst13|dff_base:inst4                                                                                                       ; dff_base               ; work         ;
;          |dff_base:inst5|                            ; 0 (0)               ; 1 (1)                     ; 0           ; 0          ; 0            ; 0       ; 0         ; 0    ; 0            ; 0          ; |radar|sensor:inst6|ritardatore:inst13|dff_base:inst5                                                                                                       ; dff_base               ; work         ;
;          |dff_base:inst6|                            ; 0 (0)               ; 1 (1)                     ; 0           ; 0          ; 0            ; 0       ; 0         ; 0    ; 0            ; 0          ; |radar|sensor:inst6|ritardatore:inst13|dff_base:inst6                                                                                                       ; dff_base               ; work         ;
;          |dff_base:inst7|                            ; 0 (0)               ; 1 (1)                     ; 0           ; 0          ; 0            ; 0       ; 0         ; 0    ; 0            ; 0          ; |radar|sensor:inst6|ritardatore:inst13|dff_base:inst7                                                                                                       ; dff_base               ; work         ;
;          |dff_base:inst8|                            ; 0 (0)               ; 1 (1)                     ; 0           ; 0          ; 0            ; 0       ; 0         ; 0    ; 0            ; 0          ; |radar|sensor:inst6|ritardatore:inst13|dff_base:inst8                                                                                                       ; dff_base               ; work         ;
;          |dff_base:inst9|                            ; 0 (0)               ; 1 (1)                     ; 0           ; 0          ; 0            ; 0       ; 0         ; 0    ; 0            ; 0          ; |radar|sensor:inst6|ritardatore:inst13|dff_base:inst9                                                                                                       ; dff_base               ; work         ;
;          |dff_base:inst|                             ; 0 (0)               ; 1 (1)                     ; 0           ; 0          ; 0            ; 0       ; 0         ; 0    ; 0            ; 0          ; |radar|sensor:inst6|ritardatore:inst13|dff_base:inst                                                                                                        ; dff_base               ; work         ;
;       |trigger:inst2|                                ; 36 (36)             ; 24 (24)                   ; 0           ; 0          ; 0            ; 0       ; 0         ; 0    ; 0            ; 0          ; |radar|sensor:inst6|trigger:inst2                                                                                                                           ; trigger                ; work         ;
;       |validator:inst8|                              ; 9 (9)               ; 0 (0)                     ; 0           ; 0          ; 0            ; 0       ; 0         ; 0    ; 0            ; 0          ; |radar|sensor:inst6|validator:inst8                                                                                                                         ; validator              ; work         ;
;    |sincronizzatore_ottimo:inst1|                    ; 0 (0)               ; 2 (0)                     ; 0           ; 0          ; 0            ; 0       ; 0         ; 0    ; 0            ; 0          ; |radar|sincronizzatore_ottimo:inst1                                                                                                                         ; sincronizzatore_ottimo ; work         ;
;       |dff_base:inst2|                               ; 0 (0)               ; 1 (1)                     ; 0           ; 0          ; 0            ; 0       ; 0         ; 0    ; 0            ; 0          ; |radar|sincronizzatore_ottimo:inst1|dff_base:inst2                                                                                                          ; dff_base               ; work         ;
;       |dff_base:inst|                                ; 0 (0)               ; 1 (1)                     ; 0           ; 0          ; 0            ; 0       ; 0         ; 0    ; 0            ; 0          ; |radar|sincronizzatore_ottimo:inst1|dff_base:inst                                                                                                           ; dff_base               ; work         ;
;    |sincronizzatore_ottimo:inst2|                    ; 0 (0)               ; 2 (0)                     ; 0           ; 0          ; 0            ; 0       ; 0         ; 0    ; 0            ; 0          ; |radar|sincronizzatore_ottimo:inst2                                                                                                                         ; sincronizzatore_ottimo ; work         ;
;       |dff_base:inst2|                               ; 0 (0)               ; 1 (1)                     ; 0           ; 0          ; 0            ; 0       ; 0         ; 0    ; 0            ; 0          ; |radar|sincronizzatore_ottimo:inst2|dff_base:inst2                                                                                                          ; dff_base               ; work         ;
;       |dff_base:inst|                                ; 0 (0)               ; 1 (1)                     ; 0           ; 0          ; 0            ; 0       ; 0         ; 0    ; 0            ; 0          ; |radar|sincronizzatore_ottimo:inst2|dff_base:inst                                                                                                           ; dff_base               ; work         ;
;    |vga:inst7|                                       ; 374 (0)             ; 109 (0)                   ; 262144      ; 0          ; 4            ; 0       ; 2         ; 0    ; 0            ; 0          ; |radar|vga:inst7                                                                                                                                            ; vga                    ; work         ;
;       |cos_lut:inst9|                                ; 8 (8)               ; 8 (8)                     ; 0           ; 0          ; 0            ; 0       ; 0         ; 0    ; 0            ; 0          ; |radar|vga:inst7|cos_lut:inst9                                                                                                                              ; cos_lut                ; work         ;
;       |freqdivider:inst|                             ; 1 (1)               ; 1 (1)                     ; 0           ; 0          ; 0            ; 0       ; 0         ; 0    ; 0            ; 0          ; |radar|vga:inst7|freqdivider:inst                                                                                                                           ; freqdivider            ; work         ;
;       |rom:inst3|                                    ; 59 (0)              ; 5 (0)                     ; 262144      ; 0          ; 0            ; 0       ; 0         ; 0    ; 0            ; 0          ; |radar|vga:inst7|rom:inst3                                                                                                                                  ; rom                    ; work         ;
;          |altsyncram:altsyncram_component|           ; 59 (0)              ; 5 (0)                     ; 262144      ; 0          ; 0            ; 0       ; 0         ; 0    ; 0            ; 0          ; |radar|vga:inst7|rom:inst3|altsyncram:altsyncram_component                                                                                                  ; altsyncram             ; work         ;
;             |altsyncram_g3a1:auto_generated|         ; 59 (0)              ; 5 (5)                     ; 262144      ; 0          ; 0            ; 0       ; 0         ; 0    ; 0            ; 0          ; |radar|vga:inst7|rom:inst3|altsyncram:altsyncram_component|altsyncram_g3a1:auto_generated                                                                   ; altsyncram_g3a1        ; work         ;
;                |decode_pk9:rden_decode|              ; 36 (36)             ; 0 (0)                     ; 0           ; 0          ; 0            ; 0       ; 0         ; 0    ; 0            ; 0          ; |radar|vga:inst7|rom:inst3|altsyncram:altsyncram_component|altsyncram_g3a1:auto_generated|decode_pk9:rden_decode                                            ; decode_pk9             ; work         ;
;                |mux_93b:mux2|                        ; 23 (23)             ; 0 (0)                     ; 0           ; 0          ; 0            ; 0       ; 0         ; 0    ; 0            ; 0          ; |radar|vga:inst7|rom:inst3|altsyncram:altsyncram_component|altsyncram_g3a1:auto_generated|mux_93b:mux2                                                      ; mux_93b                ; work         ;
;       |sin_lut:inst8|                                ; 6 (6)               ; 6 (6)                     ; 0           ; 0          ; 0            ; 0       ; 0         ; 0    ; 0            ; 0          ; |radar|vga:inst7|sin_lut:inst8                                                                                                                              ; sin_lut                ; work         ;
;       |vga_controller:inst1|                         ; 38 (38)             ; 20 (20)                   ; 0           ; 0          ; 0            ; 0       ; 0         ; 0    ; 0            ; 0          ; |radar|vga:inst7|vga_controller:inst1                                                                                                                       ; vga_controller         ; work         ;
;       |vga_graphics:inst10|                          ; 262 (170)           ; 69 (69)                   ; 0           ; 0          ; 4            ; 0       ; 2         ; 0    ; 0            ; 0          ; |radar|vga:inst7|vga_graphics:inst10                                                                                                                        ; vga_graphics           ; work         ;
;          |lpm_mult:Mult0|                            ; 45 (0)              ; 0 (0)                     ; 0           ; 0          ; 0            ; 0       ; 0         ; 0    ; 0            ; 0          ; |radar|vga:inst7|vga_graphics:inst10|lpm_mult:Mult0                                                                                                         ; lpm_mult               ; work         ;
;             |multcore:mult_core|                     ; 45 (31)             ; 0 (0)                     ; 0           ; 0          ; 0            ; 0       ; 0         ; 0    ; 0            ; 0          ; |radar|vga:inst7|vga_graphics:inst10|lpm_mult:Mult0|multcore:mult_core                                                                                      ; multcore               ; work         ;
;                |mpar_add:padder|                     ; 14 (0)              ; 0 (0)                     ; 0           ; 0          ; 0            ; 0       ; 0         ; 0    ; 0            ; 0          ; |radar|vga:inst7|vga_graphics:inst10|lpm_mult:Mult0|multcore:mult_core|mpar_add:padder                                                                      ; mpar_add               ; work         ;
;                   |lpm_add_sub:adder[0]|             ; 14 (0)              ; 0 (0)                     ; 0           ; 0          ; 0            ; 0       ; 0         ; 0    ; 0            ; 0          ; |radar|vga:inst7|vga_graphics:inst10|lpm_mult:Mult0|multcore:mult_core|mpar_add:padder|lpm_add_sub:adder[0]                                                 ; lpm_add_sub            ; work         ;
;                      |add_sub_drg:auto_generated|    ; 14 (14)             ; 0 (0)                     ; 0           ; 0          ; 0            ; 0       ; 0         ; 0    ; 0            ; 0          ; |radar|vga:inst7|vga_graphics:inst10|lpm_mult:Mult0|multcore:mult_core|mpar_add:padder|lpm_add_sub:adder[0]|add_sub_drg:auto_generated                      ; add_sub_drg            ; work         ;
;          |lpm_mult:Mult1|                            ; 0 (0)               ; 0 (0)                     ; 0           ; 0          ; 2            ; 0       ; 1         ; 0    ; 0            ; 0          ; |radar|vga:inst7|vga_graphics:inst10|lpm_mult:Mult1                                                                                                         ; lpm_mult               ; work         ;
;             |mult_9fs:auto_generated|                ; 0 (0)               ; 0 (0)                     ; 0           ; 0          ; 2            ; 0       ; 1         ; 0    ; 0            ; 0          ; |radar|vga:inst7|vga_graphics:inst10|lpm_mult:Mult1|mult_9fs:auto_generated                                                                                 ; mult_9fs               ; work         ;
;          |lpm_mult:Mult2|                            ; 0 (0)               ; 0 (0)                     ; 0           ; 0          ; 2            ; 0       ; 1         ; 0    ; 0            ; 0          ; |radar|vga:inst7|vga_graphics:inst10|lpm_mult:Mult2                                                                                                         ; lpm_mult               ; work         ;
;             |mult_9fs:auto_generated|                ; 0 (0)               ; 0 (0)                     ; 0           ; 0          ; 2            ; 0       ; 1         ; 0    ; 0            ; 0          ; |radar|vga:inst7|vga_graphics:inst10|lpm_mult:Mult2|mult_9fs:auto_generated                                                                                 ; mult_9fs               ; work         ;
;          |lpm_mult:Mult3|                            ; 47 (0)              ; 0 (0)                     ; 0           ; 0          ; 0            ; 0       ; 0         ; 0    ; 0            ; 0          ; |radar|vga:inst7|vga_graphics:inst10|lpm_mult:Mult3                                                                                                         ; lpm_mult               ; work         ;
;             |multcore:mult_core|                     ; 47 (25)             ; 0 (0)                     ; 0           ; 0          ; 0            ; 0       ; 0         ; 0    ; 0            ; 0          ; |radar|vga:inst7|vga_graphics:inst10|lpm_mult:Mult3|multcore:mult_core                                                                                      ; multcore               ; work         ;
;                |mpar_add:padder|                     ; 22 (0)              ; 0 (0)                     ; 0           ; 0          ; 0            ; 0       ; 0         ; 0    ; 0            ; 0          ; |radar|vga:inst7|vga_graphics:inst10|lpm_mult:Mult3|multcore:mult_core|mpar_add:padder                                                                      ; mpar_add               ; work         ;
;                   |lpm_add_sub:adder[0]|             ; 13 (0)              ; 0 (0)                     ; 0           ; 0          ; 0            ; 0       ; 0         ; 0    ; 0            ; 0          ; |radar|vga:inst7|vga_graphics:inst10|lpm_mult:Mult3|multcore:mult_core|mpar_add:padder|lpm_add_sub:adder[0]                                                 ; lpm_add_sub            ; work         ;
;                      |add_sub_drg:auto_generated|    ; 13 (13)             ; 0 (0)                     ; 0           ; 0          ; 0            ; 0       ; 0         ; 0    ; 0            ; 0          ; |radar|vga:inst7|vga_graphics:inst10|lpm_mult:Mult3|multcore:mult_core|mpar_add:padder|lpm_add_sub:adder[0]|add_sub_drg:auto_generated                      ; add_sub_drg            ; work         ;
;                   |mpar_add:sub_par_add|             ; 9 (0)               ; 0 (0)                     ; 0           ; 0          ; 0            ; 0       ; 0         ; 0    ; 0            ; 0          ; |radar|vga:inst7|vga_graphics:inst10|lpm_mult:Mult3|multcore:mult_core|mpar_add:padder|mpar_add:sub_par_add                                                 ; mpar_add               ; work         ;
;                      |lpm_add_sub:adder[0]|          ; 9 (0)               ; 0 (0)                     ; 0           ; 0          ; 0            ; 0       ; 0         ; 0    ; 0            ; 0          ; |radar|vga:inst7|vga_graphics:inst10|lpm_mult:Mult3|multcore:mult_core|mpar_add:padder|mpar_add:sub_par_add|lpm_add_sub:adder[0]                            ; lpm_add_sub            ; work         ;
;                         |add_sub_hrg:auto_generated| ; 9 (9)               ; 0 (0)                     ; 0           ; 0          ; 0            ; 0       ; 0         ; 0    ; 0            ; 0          ; |radar|vga:inst7|vga_graphics:inst10|lpm_mult:Mult3|multcore:mult_core|mpar_add:padder|mpar_add:sub_par_add|lpm_add_sub:adder[0]|add_sub_hrg:auto_generated ; add_sub_hrg            ; work         ;
+------------------------------------------------------+---------------------+---------------------------+-------------+------------+--------------+---------+-----------+------+--------------+------------+-------------------------------------------------------------------------------------------------------------------------------------------------------------+------------------------+--------------+
Note: For table entries with two numbers listed, the numbers in parentheses indicate the number of resources of the given type used by the specific entity alone. The numbers listed outside of parentheses indicate the total resources of the given type used by the specific entity and all of its sub-entities in the hierarchy.


+-------------------------------------------------------------------------------------------------------------------------------------------------------------------------------------------------------+
; Analysis & Synthesis RAM Summary                                                                                                                                                                      ;
+-----------------------------------------------------------------------------------------------+------+------+--------------+--------------+--------------+--------------+--------+--------------------+
; Name                                                                                          ; Type ; Mode ; Port A Depth ; Port A Width ; Port B Depth ; Port B Width ; Size   ; MIF                ;
+-----------------------------------------------------------------------------------------------+------+------+--------------+--------------+--------------+--------------+--------+--------------------+
; vga:inst7|rom:inst3|altsyncram:altsyncram_component|altsyncram_g3a1:auto_generated|ALTSYNCRAM ; AUTO ; ROM  ; 262144       ; 1            ; --           ; --           ; 262144 ; ../radar_green.mif ;
+-----------------------------------------------------------------------------------------------+------+------+--------------+--------------+--------------+--------------+--------+--------------------+


+-----------------------------------------------------+
; Analysis & Synthesis DSP Block Usage Summary        ;
+---------------------------------------+-------------+
; Statistic                             ; Number Used ;
+---------------------------------------+-------------+
; Simple Multipliers (9-bit)            ; 1           ;
; Simple Multipliers (18-bit)           ; 3           ;
; Embedded Multiplier Blocks            ; --          ;
; Embedded Multiplier 9-bit elements    ; 7           ;
; Signed Embedded Multipliers           ; 2           ;
; Unsigned Embedded Multipliers         ; 2           ;
; Mixed Sign Embedded Multipliers       ; 0           ;
; Variable Sign Embedded Multipliers    ; 0           ;
; Dedicated Input Shift Register Chains ; 0           ;
+---------------------------------------+-------------+
Note: number of Embedded Multiplier Blocks used is only available after a successful fit.


+--------------------------------------------------------------------------------------------------------------+
; Analysis & Synthesis IP Cores Summary                                                                        ;
+--------+--------------+---------+--------------+--------------+----------------------------+-----------------+
; Vendor ; IP Core Name ; Version ; Release Date ; License Type ; Entity Instance            ; IP Include File ;
+--------+--------------+---------+--------------+--------------+----------------------------+-----------------+
; Altera ; ROM: 1-PORT  ; 18.1    ; N/A          ; N/A          ; |radar|vga:inst7|rom:inst3 ; rom.v           ;
+--------+--------------+---------+--------------+--------------+----------------------------+-----------------+


Encoding Type:  One-Hot
+-----------------------------------------------------------------------------------------+
; State Machine - |radar|sensor:inst6|median_filter:inst7|state                           ;
+-----------+----------+----------+----------+----------+----------+----------+-----------+
; Name      ; state.S6 ; state.S5 ; state.S4 ; state.S3 ; state.S2 ; state.S1 ; state.000 ;
+-----------+----------+----------+----------+----------+----------+----------+-----------+
; state.000 ; 0        ; 0        ; 0        ; 0        ; 0        ; 0        ; 0         ;
; state.S1  ; 0        ; 0        ; 0        ; 0        ; 0        ; 1        ; 1         ;
; state.S2  ; 0        ; 0        ; 0        ; 0        ; 1        ; 0        ; 1         ;
; state.S3  ; 0        ; 0        ; 0        ; 1        ; 0        ; 0        ; 1         ;
; state.S4  ; 0        ; 0        ; 1        ; 0        ; 0        ; 0        ; 1         ;
; state.S5  ; 0        ; 1        ; 0        ; 0        ; 0        ; 0        ; 1         ;
; state.S6  ; 1        ; 0        ; 0        ; 0        ; 0        ; 0        ; 1         ;
+-----------+----------+----------+----------+----------+----------+----------+-----------+


Encoding Type:  One-Hot
+---------------------------------------------------------------+
; State Machine - |radar|sensor:inst6|echo:inst10|curr_state    ;
+---------------+---------------+---------------+---------------+
; Name          ; curr_state.S0 ; curr_state.S2 ; curr_state.S1 ;
+---------------+---------------+---------------+---------------+
; curr_state.S0 ; 0             ; 0             ; 0             ;
; curr_state.S1 ; 1             ; 0             ; 1             ;
; curr_state.S2 ; 1             ; 1             ; 0             ;
+---------------+---------------+---------------+---------------+


+---------------------------------------------------------------------------------------------+
; Registers Removed During Synthesis                                                          ;
+--------------------------------------------+------------------------------------------------+
; Register name                              ; Reason for Removal                             ;
+--------------------------------------------+------------------------------------------------+
; motor:inst|dutycycle:inst|duty_cycle[0..2] ; Stuck at GND due to stuck port data_in         ;
; motor:inst|dutycycle:inst|duty_cycle[3]    ; Stuck at VCC due to stuck port data_in         ;
; vga:inst7|vga_graphics:inst10|distx[9..12] ; Stuck at GND due to stuck port data_in         ;
; vga:inst7|freqdivider:inst|count[0]        ; Merged with vga:inst7|freqdivider:inst|clk_div ;
; vga:inst7|sin_lut:inst8|sin_val[7]         ; Stuck at GND due to stuck port data_in         ;
; vga:inst7|sin_lut:inst8|sin_val[0]         ; Merged with vga:inst7|cos_lut:inst9|cos_val[0] ;
; sensor:inst6|median_filter:inst7|state~2   ; Lost fanout                                    ;
; sensor:inst6|median_filter:inst7|state~3   ; Lost fanout                                    ;
; sensor:inst6|median_filter:inst7|state~4   ; Lost fanout                                    ;
; Total Number of Removed Registers = 14     ;                                                ;
+--------------------------------------------+------------------------------------------------+


+------------------------------------------------------+
; General Register Statistics                          ;
+----------------------------------------------+-------+
; Statistic                                    ; Value ;
+----------------------------------------------+-------+
; Total registers                              ; 381   ;
; Number of registers using Synchronous Clear  ; 97    ;
; Number of registers using Synchronous Load   ; 33    ;
; Number of registers using Asynchronous Clear ; 0     ;
; Number of registers using Asynchronous Load  ; 0     ;
; Number of registers using Clock Enable       ; 248   ;
; Number of registers using Preset             ; 0     ;
+----------------------------------------------+-------+


+--------------------------------------------------+
; Inverted Register Statistics                     ;
+----------------------------------------+---------+
; Inverted Register                      ; Fan out ;
+----------------------------------------+---------+
; vga:inst7|freqdivider:inst|clk_div     ; 12      ;
; vga:inst7|vga_graphics:inst10|x_val[8] ; 3       ;
; vga:inst7|vga_graphics:inst10|x_val[6] ; 3       ;
; vga:inst7|vga_graphics:inst10|y_val[8] ; 2       ;
; vga:inst7|vga_graphics:inst10|y_val[6] ; 2       ;
; vga:inst7|vga_graphics:inst10|nd_reg2  ; 2       ;
; Total number of inverted registers = 6 ;         ;
+----------------------------------------+---------+


+----------------------------------------------------------------------------------------------------------------------------------------------------------------+
; Multiplexer Restructuring Statistics (Restructuring Performed)                                                                                                 ;
+--------------------+-----------+---------------+----------------------+------------------------+------------+--------------------------------------------------+
; Multiplexer Inputs ; Bus Width ; Baseline Area ; Area if Restructured ; Saving if Restructured ; Registered ; Example Multiplexer Output                       ;
+--------------------+-----------+---------------+----------------------+------------------------+------------+--------------------------------------------------+
; 3:1                ; 10 bits   ; 20 LEs        ; 10 LEs               ; 10 LEs                 ; Yes        ; |radar|vga:inst7|vga_controller:inst1|h_count[0] ;
; 3:1                ; 2 bits    ; 4 LEs         ; 2 LEs                ; 2 LEs                  ; Yes        ; |radar|motor:inst|pwm:inst2|tick_50hz            ;
; 3:1                ; 23 bits   ; 46 LEs        ; 23 LEs               ; 23 LEs                 ; Yes        ; |radar|sensor:inst6|trigger:inst2|count[17]      ;
; 3:1                ; 16 bits   ; 32 LEs        ; 16 LEs               ; 16 LEs                 ; Yes        ; |radar|motor:inst|dutycycle:inst|duty_cycle[10]  ;
; 3:1                ; 20 bits   ; 40 LEs        ; 20 LEs               ; 20 LEs                 ; Yes        ; |radar|vga:inst7|vga_graphics:inst10|x_val[7]    ;
; 3:1                ; 18 bits   ; 36 LEs        ; 18 LEs               ; 18 LEs                 ; Yes        ; |radar|vga:inst7|vga_graphics:inst10|rom_addr[8] ;
; 3:1                ; 4 bits    ; 8 LEs         ; 4 LEs                ; 4 LEs                  ; Yes        ; |radar|vga:inst7|vga_graphics:inst10|lut_ref[2]  ;
; 4:1                ; 20 bits   ; 40 LEs        ; 20 LEs               ; 20 LEs                 ; Yes        ; |radar|motor:inst|pwm:inst2|count[14]            ;
; 4:1                ; 8 bits    ; 16 LEs        ; 8 LEs                ; 8 LEs                  ; Yes        ; |radar|motor:inst|dutycycle:inst|step_counter[0] ;
; 8:1                ; 12 bits   ; 60 LEs        ; 24 LEs               ; 36 LEs                 ; Yes        ; |radar|sensor:inst6|median_filter:inst7|m0[9]    ;
; 8:1                ; 12 bits   ; 60 LEs        ; 24 LEs               ; 36 LEs                 ; Yes        ; |radar|sensor:inst6|median_filter:inst7|m4[1]    ;
; 10:1               ; 12 bits   ; 72 LEs        ; 48 LEs               ; 24 LEs                 ; Yes        ; |radar|sensor:inst6|median_filter:inst7|m2[11]   ;
; 10:1               ; 12 bits   ; 72 LEs        ; 48 LEs               ; 24 LEs                 ; Yes        ; |radar|sensor:inst6|median_filter:inst7|m1[6]    ;
; 10:1               ; 12 bits   ; 72 LEs        ; 48 LEs               ; 24 LEs                 ; Yes        ; |radar|sensor:inst6|median_filter:inst7|m3[10]   ;
; 3:1                ; 20 bits   ; 40 LEs        ; 20 LEs               ; 20 LEs                 ; Yes        ; |radar|sensor:inst6|echo:inst10|dis_reg[16]      ;
; 3:1                ; 4 bits    ; 8 LEs         ; 4 LEs                ; 4 LEs                  ; Yes        ; |radar|vga:inst7|vga_graphics:inst10|x_val[8]    ;
; 3:1                ; 2 bits    ; 4 LEs         ; 2 LEs                ; 2 LEs                  ; No         ; |radar|vga:inst7|vga_graphics:inst10|R           ;
; 3:1                ; 4 bits    ; 8 LEs         ; 8 LEs                ; 0 LEs                  ; No         ; |radar|sensor:inst6|mux_valid:inst12|out[1]      ;
; 3:1                ; 4 bits    ; 8 LEs         ; 8 LEs                ; 0 LEs                  ; No         ; |radar|sensor:inst6|mux_valid:inst12|out[6]      ;
; 3:1                ; 3 bits    ; 6 LEs         ; 6 LEs                ; 0 LEs                  ; No         ; |radar|sensor:inst6|mux_valid:inst12|out[11]     ;
; 6:1                ; 3 bits    ; 12 LEs        ; 6 LEs                ; 6 LEs                  ; No         ; |radar|sensor:inst6|echo:inst10|curr_state       ;
+--------------------+-----------+---------------+----------------------+------------------------+------------+--------------------------------------------------+


+-----------------------------------------------------------------------------------------------------------+
; Source assignments for vga:inst7|rom:inst3|altsyncram:altsyncram_component|altsyncram_g3a1:auto_generated ;
+---------------------------------+--------------------+------+---------------------------------------------+
; Assignment                      ; Value              ; From ; To                                          ;
+---------------------------------+--------------------+------+---------------------------------------------+
; OPTIMIZE_POWER_DURING_SYNTHESIS ; NORMAL_COMPILATION ; -    ; -                                           ;
+---------------------------------+--------------------+------+---------------------------------------------+


+---------------------------------------------------------------------------+
; Parameter Settings for User Entity Instance: sensor:inst6|validator:inst8 ;
+----------------+--------------+-------------------------------------------+
; Parameter Name ; Value        ; Type                                      ;
+----------------+--------------+-------------------------------------------+
; MAXDIST        ; 101110111000 ; Unsigned Binary                           ;
; MINDIST        ; 000000011110 ; Unsigned Binary                           ;
+----------------+--------------+-------------------------------------------+
Note: In order to hide this table in the UI and the text report file, please set the "Show Parameter Settings in Synthesis Report" option in "Analysis and Synthesis Settings -> More Settings" to "Off".


+-------------------------------------------------------------------------+
; Parameter Settings for User Entity Instance: vga:inst7|freqdivider:inst ;
+----------------+-------+------------------------------------------------+
; Parameter Name ; Value ; Type                                           ;
+----------------+-------+------------------------------------------------+
; F              ; 2     ; Signed Integer                                 ;
+----------------+-------+------------------------------------------------+
Note: In order to hide this table in the UI and the text report file, please set the "Show Parameter Settings in Synthesis Report" option in "Analysis and Synthesis Settings -> More Settings" to "Off".


+--------------------------------------------------------------------------------------------------+
; Parameter Settings for User Entity Instance: vga:inst7|rom:inst3|altsyncram:altsyncram_component ;
+------------------------------------+----------------------+--------------------------------------+
; Parameter Name                     ; Value                ; Type                                 ;
+------------------------------------+----------------------+--------------------------------------+
; BYTE_SIZE_BLOCK                    ; 8                    ; Untyped                              ;
; AUTO_CARRY_CHAINS                  ; ON                   ; AUTO_CARRY                           ;
; IGNORE_CARRY_BUFFERS               ; OFF                  ; IGNORE_CARRY                         ;
; AUTO_CASCADE_CHAINS                ; ON                   ; AUTO_CASCADE                         ;
; IGNORE_CASCADE_BUFFERS             ; OFF                  ; IGNORE_CASCADE                       ;
; WIDTH_BYTEENA                      ; 1                    ; Untyped                              ;
; OPERATION_MODE                     ; ROM                  ; Untyped                              ;
; WIDTH_A                            ; 1                    ; Signed Integer                       ;
; WIDTHAD_A                          ; 18                   ; Signed Integer                       ;
; NUMWORDS_A                         ; 262144               ; Signed Integer                       ;
; OUTDATA_REG_A                      ; UNREGISTERED         ; Untyped                              ;
; ADDRESS_ACLR_A                     ; NONE                 ; Untyped                              ;
; OUTDATA_ACLR_A                     ; NONE                 ; Untyped                              ;
; WRCONTROL_ACLR_A                   ; NONE                 ; Untyped                              ;
; INDATA_ACLR_A                      ; NONE                 ; Untyped                              ;
; BYTEENA_ACLR_A                     ; NONE                 ; Untyped                              ;
; WIDTH_B                            ; 1                    ; Untyped                              ;
; WIDTHAD_B                          ; 1                    ; Untyped                              ;
; NUMWORDS_B                         ; 1                    ; Untyped                              ;
; INDATA_REG_B                       ; CLOCK1               ; Untyped                              ;
; WRCONTROL_WRADDRESS_REG_B          ; CLOCK1               ; Untyped                              ;
; RDCONTROL_REG_B                    ; CLOCK1               ; Untyped                              ;
; ADDRESS_REG_B                      ; CLOCK1               ; Untyped                              ;
; OUTDATA_REG_B                      ; UNREGISTERED         ; Untyped                              ;
; BYTEENA_REG_B                      ; CLOCK1               ; Untyped                              ;
; INDATA_ACLR_B                      ; NONE                 ; Untyped                              ;
; WRCONTROL_ACLR_B                   ; NONE                 ; Untyped                              ;
; ADDRESS_ACLR_B                     ; NONE                 ; Untyped                              ;
; OUTDATA_ACLR_B                     ; NONE                 ; Untyped                              ;
; RDCONTROL_ACLR_B                   ; NONE                 ; Untyped                              ;
; BYTEENA_ACLR_B                     ; NONE                 ; Untyped                              ;
; WIDTH_BYTEENA_A                    ; 1                    ; Signed Integer                       ;
; WIDTH_BYTEENA_B                    ; 1                    ; Untyped                              ;
; RAM_BLOCK_TYPE                     ; AUTO                 ; Untyped                              ;
; BYTE_SIZE                          ; 8                    ; Untyped                              ;
; READ_DURING_WRITE_MODE_MIXED_PORTS ; DONT_CARE            ; Untyped                              ;
; READ_DURING_WRITE_MODE_PORT_A      ; NEW_DATA_NO_NBE_READ ; Untyped                              ;
; READ_DURING_WRITE_MODE_PORT_B      ; NEW_DATA_NO_NBE_READ ; Untyped                              ;
; INIT_FILE                          ; ../radar_green.mif   ; Untyped                              ;
; INIT_FILE_LAYOUT                   ; PORT_A               ; Untyped                              ;
; MAXIMUM_DEPTH                      ; 0                    ; Untyped                              ;
; CLOCK_ENABLE_INPUT_A               ; BYPASS               ; Untyped                              ;
; CLOCK_ENABLE_INPUT_B               ; NORMAL               ; Untyped                              ;
; CLOCK_ENABLE_OUTPUT_A              ; BYPASS               ; Untyped                              ;
; CLOCK_ENABLE_OUTPUT_B              ; NORMAL               ; Untyped                              ;
; CLOCK_ENABLE_CORE_A                ; USE_INPUT_CLKEN      ; Untyped                              ;
; CLOCK_ENABLE_CORE_B                ; USE_INPUT_CLKEN      ; Untyped                              ;
; ENABLE_ECC                         ; FALSE                ; Untyped                              ;
; ECC_PIPELINE_STAGE_ENABLED         ; FALSE                ; Untyped                              ;
; WIDTH_ECCSTATUS                    ; 3                    ; Untyped                              ;
; DEVICE_FAMILY                      ; MAX 10               ; Untyped                              ;
; CBXI_PARAMETER                     ; altsyncram_g3a1      ; Untyped                              ;
+------------------------------------+----------------------+--------------------------------------+
Note: In order to hide this table in the UI and the text report file, please set the "Show Parameter Settings in Synthesis Report" option in "Analysis and Synthesis Settings -> More Settings" to "Off".


+-----------------------------------------------------------------------------------------------+
; Parameter Settings for Inferred Entity Instance: vga:inst7|vga_graphics:inst10|lpm_mult:Mult1 ;
+------------------------------------------------+----------+-----------------------------------+
; Parameter Name                                 ; Value    ; Type                              ;
+------------------------------------------------+----------+-----------------------------------+
; AUTO_CARRY_CHAINS                              ; ON       ; AUTO_CARRY                        ;
; IGNORE_CARRY_BUFFERS                           ; OFF      ; IGNORE_CARRY                      ;
; AUTO_CASCADE_CHAINS                            ; ON       ; AUTO_CASCADE                      ;
; IGNORE_CASCADE_BUFFERS                         ; OFF      ; IGNORE_CASCADE                    ;
; LPM_WIDTHA                                     ; 10       ; Untyped                           ;
; LPM_WIDTHB                                     ; 8        ; Untyped                           ;
; LPM_WIDTHP                                     ; 18       ; Untyped                           ;
; LPM_WIDTHR                                     ; 18       ; Untyped                           ;
; LPM_WIDTHS                                     ; 1        ; Untyped                           ;
; LPM_REPRESENTATION                             ; SIGNED   ; Untyped                           ;
; LPM_PIPELINE                                   ; 0        ; Untyped                           ;
; LATENCY                                        ; 0        ; Untyped                           ;
; INPUT_A_IS_CONSTANT                            ; NO       ; Untyped                           ;
; INPUT_B_IS_CONSTANT                            ; NO       ; Untyped                           ;
; USE_EAB                                        ; OFF      ; Untyped                           ;
; MAXIMIZE_SPEED                                 ; 6        ; Untyped                           ;
; DEVICE_FAMILY                                  ; MAX 10   ; Untyped                           ;
; CARRY_CHAIN                                    ; MANUAL   ; Untyped                           ;
; APEX20K_TECHNOLOGY_MAPPER                      ; LUT      ; TECH_MAPPER_APEX20K               ;
; DEDICATED_MULTIPLIER_CIRCUITRY                 ; AUTO     ; Untyped                           ;
; DEDICATED_MULTIPLIER_MIN_INPUT_WIDTH_FOR_AUTO  ; 0        ; Untyped                           ;
; DEDICATED_MULTIPLIER_MIN_OUTPUT_WIDTH_FOR_AUTO ; 0        ; Untyped                           ;
; CBXI_PARAMETER                                 ; mult_9fs ; Untyped                           ;
; INPUT_A_FIXED_VALUE                            ; Bx       ; Untyped                           ;
; INPUT_B_FIXED_VALUE                            ; Bx       ; Untyped                           ;
; USE_AHDL_IMPLEMENTATION                        ; OFF      ; Untyped                           ;
+------------------------------------------------+----------+-----------------------------------+
Note: In order to hide this table in the UI and the text report file, please set the "Show Parameter Settings in Synthesis Report" option in "Analysis and Synthesis Settings -> More Settings" to "Off".


+-----------------------------------------------------------------------------------------------+
; Parameter Settings for Inferred Entity Instance: vga:inst7|vga_graphics:inst10|lpm_mult:Mult0 ;
+------------------------------------------------+----------+-----------------------------------+
; Parameter Name                                 ; Value    ; Type                              ;
+------------------------------------------------+----------+-----------------------------------+
; AUTO_CARRY_CHAINS                              ; ON       ; AUTO_CARRY                        ;
; IGNORE_CARRY_BUFFERS                           ; OFF      ; IGNORE_CARRY                      ;
; AUTO_CASCADE_CHAINS                            ; ON       ; AUTO_CASCADE                      ;
; IGNORE_CASCADE_BUFFERS                         ; OFF      ; IGNORE_CASCADE                    ;
; LPM_WIDTHA                                     ; 12       ; Untyped                           ;
; LPM_WIDTHB                                     ; 10       ; Untyped                           ;
; LPM_WIDTHP                                     ; 22       ; Untyped                           ;
; LPM_WIDTHR                                     ; 22       ; Untyped                           ;
; LPM_WIDTHS                                     ; 1        ; Untyped                           ;
; LPM_REPRESENTATION                             ; UNSIGNED ; Untyped                           ;
; LPM_PIPELINE                                   ; 0        ; Untyped                           ;
; LATENCY                                        ; 0        ; Untyped                           ;
; INPUT_A_IS_CONSTANT                            ; NO       ; Untyped                           ;
; INPUT_B_IS_CONSTANT                            ; YES      ; Untyped                           ;
; USE_EAB                                        ; OFF      ; Untyped                           ;
; MAXIMIZE_SPEED                                 ; 5        ; Untyped                           ;
; DEVICE_FAMILY                                  ; MAX 10   ; Untyped                           ;
; CARRY_CHAIN                                    ; MANUAL   ; Untyped                           ;
; APEX20K_TECHNOLOGY_MAPPER                      ; LUT      ; TECH_MAPPER_APEX20K               ;
; DEDICATED_MULTIPLIER_CIRCUITRY                 ; AUTO     ; Untyped                           ;
; DEDICATED_MULTIPLIER_MIN_INPUT_WIDTH_FOR_AUTO  ; 0        ; Untyped                           ;
; DEDICATED_MULTIPLIER_MIN_OUTPUT_WIDTH_FOR_AUTO ; 0        ; Untyped                           ;
; CBXI_PARAMETER                                 ; NOTHING  ; Untyped                           ;
; INPUT_A_FIXED_VALUE                            ; Bx       ; Untyped                           ;
; INPUT_B_FIXED_VALUE                            ; Bx       ; Untyped                           ;
; USE_AHDL_IMPLEMENTATION                        ; OFF      ; Untyped                           ;
+------------------------------------------------+----------+-----------------------------------+
Note: In order to hide this table in the UI and the text report file, please set the "Show Parameter Settings in Synthesis Report" option in "Analysis and Synthesis Settings -> More Settings" to "Off".


+-----------------------------------------------------------------------------------------------+
; Parameter Settings for Inferred Entity Instance: vga:inst7|vga_graphics:inst10|lpm_mult:Mult3 ;
+------------------------------------------------+----------+-----------------------------------+
; Parameter Name                                 ; Value    ; Type                              ;
+------------------------------------------------+----------+-----------------------------------+
; AUTO_CARRY_CHAINS                              ; ON       ; AUTO_CARRY                        ;
; IGNORE_CARRY_BUFFERS                           ; OFF      ; IGNORE_CARRY                      ;
; AUTO_CASCADE_CHAINS                            ; ON       ; AUTO_CASCADE                      ;
; IGNORE_CASCADE_BUFFERS                         ; OFF      ; IGNORE_CASCADE                    ;
; LPM_WIDTHA                                     ; 10       ; Untyped                           ;
; LPM_WIDTHB                                     ; 10       ; Untyped                           ;
; LPM_WIDTHP                                     ; 20       ; Untyped                           ;
; LPM_WIDTHR                                     ; 20       ; Untyped                           ;
; LPM_WIDTHS                                     ; 1        ; Untyped                           ;
; LPM_REPRESENTATION                             ; UNSIGNED ; Untyped                           ;
; LPM_PIPELINE                                   ; 0        ; Untyped                           ;
; LATENCY                                        ; 0        ; Untyped                           ;
; INPUT_A_IS_CONSTANT                            ; NO       ; Untyped                           ;
; INPUT_B_IS_CONSTANT                            ; YES      ; Untyped                           ;
; USE_EAB                                        ; OFF      ; Untyped                           ;
; MAXIMIZE_SPEED                                 ; 6        ; Untyped                           ;
; DEVICE_FAMILY                                  ; MAX 10   ; Untyped                           ;
; CARRY_CHAIN                                    ; MANUAL   ; Untyped                           ;
; APEX20K_TECHNOLOGY_MAPPER                      ; LUT      ; TECH_MAPPER_APEX20K               ;
; DEDICATED_MULTIPLIER_CIRCUITRY                 ; AUTO     ; Untyped                           ;
; DEDICATED_MULTIPLIER_MIN_INPUT_WIDTH_FOR_AUTO  ; 0        ; Untyped                           ;
; DEDICATED_MULTIPLIER_MIN_OUTPUT_WIDTH_FOR_AUTO ; 0        ; Untyped                           ;
; CBXI_PARAMETER                                 ; NOTHING  ; Untyped                           ;
; INPUT_A_FIXED_VALUE                            ; Bx       ; Untyped                           ;
; INPUT_B_FIXED_VALUE                            ; Bx       ; Untyped                           ;
; USE_AHDL_IMPLEMENTATION                        ; OFF      ; Untyped                           ;
+------------------------------------------------+----------+-----------------------------------+
Note: In order to hide this table in the UI and the text report file, please set the "Show Parameter Settings in Synthesis Report" option in "Analysis and Synthesis Settings -> More Settings" to "Off".


+------------------------------------------------------------------------------------------+
; Parameter Settings for Inferred Entity Instance: sensor:inst6|echo:inst10|lpm_mult:Mult0 ;
+------------------------------------------------+----------+------------------------------+
; Parameter Name                                 ; Value    ; Type                         ;
+------------------------------------------------+----------+------------------------------+
; AUTO_CARRY_CHAINS                              ; ON       ; AUTO_CARRY                   ;
; IGNORE_CARRY_BUFFERS                           ; OFF      ; IGNORE_CARRY                 ;
; AUTO_CASCADE_CHAINS                            ; ON       ; AUTO_CASCADE                 ;
; IGNORE_CASCADE_BUFFERS                         ; OFF      ; IGNORE_CASCADE               ;
; LPM_WIDTHA                                     ; 20       ; Untyped                      ;
; LPM_WIDTHB                                     ; 8        ; Untyped                      ;
; LPM_WIDTHP                                     ; 28       ; Untyped                      ;
; LPM_WIDTHR                                     ; 28       ; Untyped                      ;
; LPM_WIDTHS                                     ; 1        ; Untyped                      ;
; LPM_REPRESENTATION                             ; UNSIGNED ; Untyped                      ;
; LPM_PIPELINE                                   ; 0        ; Untyped                      ;
; LATENCY                                        ; 0        ; Untyped                      ;
; INPUT_A_IS_CONSTANT                            ; NO       ; Untyped                      ;
; INPUT_B_IS_CONSTANT                            ; YES      ; Untyped                      ;
; USE_EAB                                        ; OFF      ; Untyped                      ;
; MAXIMIZE_SPEED                                 ; 5        ; Untyped                      ;
; DEVICE_FAMILY                                  ; MAX 10   ; Untyped                      ;
; CARRY_CHAIN                                    ; MANUAL   ; Untyped                      ;
; APEX20K_TECHNOLOGY_MAPPER                      ; LUT      ; TECH_MAPPER_APEX20K          ;
; DEDICATED_MULTIPLIER_CIRCUITRY                 ; AUTO     ; Untyped                      ;
; DEDICATED_MULTIPLIER_MIN_INPUT_WIDTH_FOR_AUTO  ; 0        ; Untyped                      ;
; DEDICATED_MULTIPLIER_MIN_OUTPUT_WIDTH_FOR_AUTO ; 0        ; Untyped                      ;
; CBXI_PARAMETER                                 ; mult_1qs ; Untyped                      ;
; INPUT_A_FIXED_VALUE                            ; Bx       ; Untyped                      ;
; INPUT_B_FIXED_VALUE                            ; Bx       ; Untyped                      ;
; USE_AHDL_IMPLEMENTATION                        ; OFF      ; Untyped                      ;
+------------------------------------------------+----------+------------------------------+
Note: In order to hide this table in the UI and the text report file, please set the "Show Parameter Settings in Synthesis Report" option in "Analysis and Synthesis Settings -> More Settings" to "Off".


+-----------------------------------------------------------------------------------------------+
; Parameter Settings for Inferred Entity Instance: vga:inst7|vga_graphics:inst10|lpm_mult:Mult2 ;
+------------------------------------------------+----------+-----------------------------------+
; Parameter Name                                 ; Value    ; Type                              ;
+------------------------------------------------+----------+-----------------------------------+
; AUTO_CARRY_CHAINS                              ; ON       ; AUTO_CARRY                        ;
; IGNORE_CARRY_BUFFERS                           ; OFF      ; IGNORE_CARRY                      ;
; AUTO_CASCADE_CHAINS                            ; ON       ; AUTO_CASCADE                      ;
; IGNORE_CASCADE_BUFFERS                         ; OFF      ; IGNORE_CASCADE                    ;
; LPM_WIDTHA                                     ; 10       ; Untyped                           ;
; LPM_WIDTHB                                     ; 8        ; Untyped                           ;
; LPM_WIDTHP                                     ; 18       ; Untyped                           ;
; LPM_WIDTHR                                     ; 18       ; Untyped                           ;
; LPM_WIDTHS                                     ; 1        ; Untyped                           ;
; LPM_REPRESENTATION                             ; SIGNED   ; Untyped                           ;
; LPM_PIPELINE                                   ; 0        ; Untyped                           ;
; LATENCY                                        ; 0        ; Untyped                           ;
; INPUT_A_IS_CONSTANT                            ; NO       ; Untyped                           ;
; INPUT_B_IS_CONSTANT                            ; NO       ; Untyped                           ;
; USE_EAB                                        ; OFF      ; Untyped                           ;
; MAXIMIZE_SPEED                                 ; 6        ; Untyped                           ;
; DEVICE_FAMILY                                  ; MAX 10   ; Untyped                           ;
; CARRY_CHAIN                                    ; MANUAL   ; Untyped                           ;
; APEX20K_TECHNOLOGY_MAPPER                      ; LUT      ; TECH_MAPPER_APEX20K               ;
; DEDICATED_MULTIPLIER_CIRCUITRY                 ; AUTO     ; Untyped                           ;
; DEDICATED_MULTIPLIER_MIN_INPUT_WIDTH_FOR_AUTO  ; 0        ; Untyped                           ;
; DEDICATED_MULTIPLIER_MIN_OUTPUT_WIDTH_FOR_AUTO ; 0        ; Untyped                           ;
; CBXI_PARAMETER                                 ; mult_9fs ; Untyped                           ;
; INPUT_A_FIXED_VALUE                            ; Bx       ; Untyped                           ;
; INPUT_B_FIXED_VALUE                            ; Bx       ; Untyped                           ;
; USE_AHDL_IMPLEMENTATION                        ; OFF      ; Untyped                           ;
+------------------------------------------------+----------+-----------------------------------+
Note: In order to hide this table in the UI and the text report file, please set the "Show Parameter Settings in Synthesis Report" option in "Analysis and Synthesis Settings -> More Settings" to "Off".


+-------------------------------------------------------------------------------------------------+
; altsyncram Parameter Settings by Entity Instance                                                ;
+-------------------------------------------+-----------------------------------------------------+
; Name                                      ; Value                                               ;
+-------------------------------------------+-----------------------------------------------------+
; Number of entity instances                ; 1                                                   ;
; Entity Instance                           ; vga:inst7|rom:inst3|altsyncram:altsyncram_component ;
;     -- OPERATION_MODE                     ; ROM                                                 ;
;     -- WIDTH_A                            ; 1                                                   ;
;     -- NUMWORDS_A                         ; 262144                                              ;
;     -- OUTDATA_REG_A                      ; UNREGISTERED                                        ;
;     -- WIDTH_B                            ; 1                                                   ;
;     -- NUMWORDS_B                         ; 1                                                   ;
;     -- ADDRESS_REG_B                      ; CLOCK1                                              ;
;     -- OUTDATA_REG_B                      ; UNREGISTERED                                        ;
;     -- RAM_BLOCK_TYPE                     ; AUTO                                                ;
;     -- READ_DURING_WRITE_MODE_MIXED_PORTS ; DONT_CARE                                           ;
+-------------------------------------------+-----------------------------------------------------+


+--------------------------------------------------------------------------------------+
; lpm_mult Parameter Settings by Entity Instance                                       ;
+---------------------------------------+----------------------------------------------+
; Name                                  ; Value                                        ;
+---------------------------------------+----------------------------------------------+
; Number of entity instances            ; 5                                            ;
; Entity Instance                       ; vga:inst7|vga_graphics:inst10|lpm_mult:Mult1 ;
;     -- LPM_WIDTHA                     ; 10                                           ;
;     -- LPM_WIDTHB                     ; 8                                            ;
;     -- LPM_WIDTHP                     ; 18                                           ;
;     -- LPM_REPRESENTATION             ; SIGNED                                       ;
;     -- INPUT_A_IS_CONSTANT            ; NO                                           ;
;     -- INPUT_B_IS_CONSTANT            ; NO                                           ;
;     -- USE_EAB                        ; OFF                                          ;
;     -- DEDICATED_MULTIPLIER_CIRCUITRY ; AUTO                                         ;
;     -- INPUT_A_FIXED_VALUE            ; Bx                                           ;
;     -- INPUT_B_FIXED_VALUE            ; Bx                                           ;
; Entity Instance                       ; vga:inst7|vga_graphics:inst10|lpm_mult:Mult0 ;
;     -- LPM_WIDTHA                     ; 12                                           ;
;     -- LPM_WIDTHB                     ; 10                                           ;
;     -- LPM_WIDTHP                     ; 22                                           ;
;     -- LPM_REPRESENTATION             ; UNSIGNED                                     ;
;     -- INPUT_A_IS_CONSTANT            ; NO                                           ;
;     -- INPUT_B_IS_CONSTANT            ; YES                                          ;
;     -- USE_EAB                        ; OFF                                          ;
;     -- DEDICATED_MULTIPLIER_CIRCUITRY ; AUTO                                         ;
;     -- INPUT_A_FIXED_VALUE            ; Bx                                           ;
;     -- INPUT_B_FIXED_VALUE            ; Bx                                           ;
; Entity Instance                       ; vga:inst7|vga_graphics:inst10|lpm_mult:Mult3 ;
;     -- LPM_WIDTHA                     ; 10                                           ;
;     -- LPM_WIDTHB                     ; 10                                           ;
;     -- LPM_WIDTHP                     ; 20                                           ;
;     -- LPM_REPRESENTATION             ; UNSIGNED                                     ;
;     -- INPUT_A_IS_CONSTANT            ; NO                                           ;
;     -- INPUT_B_IS_CONSTANT            ; YES                                          ;
;     -- USE_EAB                        ; OFF                                          ;
;     -- DEDICATED_MULTIPLIER_CIRCUITRY ; AUTO                                         ;
;     -- INPUT_A_FIXED_VALUE            ; Bx                                           ;
;     -- INPUT_B_FIXED_VALUE            ; Bx                                           ;
; Entity Instance                       ; sensor:inst6|echo:inst10|lpm_mult:Mult0      ;
;     -- LPM_WIDTHA                     ; 20                                           ;
;     -- LPM_WIDTHB                     ; 8                                            ;
;     -- LPM_WIDTHP                     ; 28                                           ;
;     -- LPM_REPRESENTATION             ; UNSIGNED                                     ;
;     -- INPUT_A_IS_CONSTANT            ; NO                                           ;
;     -- INPUT_B_IS_CONSTANT            ; YES                                          ;
;     -- USE_EAB                        ; OFF                                          ;
;     -- DEDICATED_MULTIPLIER_CIRCUITRY ; AUTO                                         ;
;     -- INPUT_A_FIXED_VALUE            ; Bx                                           ;
;     -- INPUT_B_FIXED_VALUE            ; Bx                                           ;
; Entity Instance                       ; vga:inst7|vga_graphics:inst10|lpm_mult:Mult2 ;
;     -- LPM_WIDTHA                     ; 10                                           ;
;     -- LPM_WIDTHB                     ; 8                                            ;
;     -- LPM_WIDTHP                     ; 18                                           ;
;     -- LPM_REPRESENTATION             ; SIGNED                                       ;
;     -- INPUT_A_IS_CONSTANT            ; NO                                           ;
;     -- INPUT_B_IS_CONSTANT            ; NO                                           ;
;     -- USE_EAB                        ; OFF                                          ;
;     -- DEDICATED_MULTIPLIER_CIRCUITRY ; AUTO                                         ;
;     -- INPUT_A_FIXED_VALUE            ; Bx                                           ;
;     -- INPUT_B_FIXED_VALUE            ; Bx                                           ;
+---------------------------------------+----------------------------------------------+


+-----------------------------------------------------+
; Post-Synthesis Netlist Statistics for Top Partition ;
+-----------------------+-----------------------------+
; Type                  ; Count                       ;
+-----------------------+-----------------------------+
; boundary_port         ; 48                          ;
; cycloneiii_ff         ; 381                         ;
;     ENA               ; 182                         ;
;     ENA SCLR          ; 50                          ;
;     ENA SLD           ; 16                          ;
;     SCLR              ; 47                          ;
;     SLD               ; 17                          ;
;     plain             ; 69                          ;
; cycloneiii_lcell_comb ; 1008                        ;
;     arith             ; 370                         ;
;         2 data inputs ; 149                         ;
;         3 data inputs ; 221                         ;
;     normal            ; 638                         ;
;         0 data inputs ; 5                           ;
;         1 data inputs ; 21                          ;
;         2 data inputs ; 84                          ;
;         3 data inputs ; 47                          ;
;         4 data inputs ; 481                         ;
; cycloneiii_mac_mult   ; 4                           ;
; cycloneiii_mac_out    ; 4                           ;
; cycloneiii_ram_block  ; 32                          ;
;                       ;                             ;
; Max LUT depth         ; 12.00                       ;
; Average LUT depth     ; 3.92                        ;
+-----------------------+-----------------------------+


+-------------------------------+
; Elapsed Time Per Partition    ;
+----------------+--------------+
; Partition Name ; Elapsed Time ;
+----------------+--------------+
; Top            ; 00:00:02     ;
+----------------+--------------+


+-------------------------------+
; Analysis & Synthesis Messages ;
+-------------------------------+
Info: *******************************************************************
Info: Running Quartus Prime Analysis & Synthesis
    Info: Version 18.1.0 Build 625 09/12/2018 SJ Lite Edition
    Info: Processing started: Sun Jan 11 17:28:30 2026
Info: Command: quartus_map --read_settings_files=on --write_settings_files=off radar -c motor
Warning (18236): Number of processors has not been specified which may cause overloading on shared machines.  Set the global assignment NUM_PARALLEL_PROCESSORS in your QSF to an appropriate value for best performance.
Info (20030): Parallel compilation is enabled and will use 8 of the 8 processors detected
Info (12021): Found 1 design units, including 1 entities, in source file sin_lut.v
    Info (12023): Found entity 1: sin_lut File: C:/Users/aless/Documents/ALESSIO/Laurea_Magistrale/3_PSD/Codice/5_radar/sin_lut.v Line: 1
Info (12021): Found 1 design units, including 1 entities, in source file cos_lut.v
    Info (12023): Found entity 1: cos_lut File: C:/Users/aless/Documents/ALESSIO/Laurea_Magistrale/3_PSD/Codice/5_radar/cos_lut.v Line: 1
Info (12021): Found 1 design units, including 1 entities, in source file rom.v
    Info (12023): Found entity 1: rom File: C:/Users/aless/Documents/ALESSIO/Laurea_Magistrale/3_PSD/Codice/5_radar/rom.v Line: 39
Info (12021): Found 1 design units, including 1 entities, in source file vga_graphics.v
    Info (12023): Found entity 1: vga_graphics File: C:/Users/aless/Documents/ALESSIO/Laurea_Magistrale/3_PSD/Codice/5_radar/vga_graphics.v Line: 1
Info (12021): Found 1 design units, including 1 entities, in source file vga_controller.v
    Info (12023): Found entity 1: vga_controller File: C:/Users/aless/Documents/ALESSIO/Laurea_Magistrale/3_PSD/Codice/5_radar/vga_controller.v Line: 1
Info (12021): Found 1 design units, including 1 entities, in source file motor.bdf
    Info (12023): Found entity 1: motor
Info (12021): Found 1 design units, including 1 entities, in source file validator.v
    Info (12023): Found entity 1: validator File: C:/Users/aless/Documents/ALESSIO/Laurea_Magistrale/3_PSD/Codice/5_radar/validator.v Line: 1
Info (12021): Found 1 design units, including 1 entities, in source file median_filter.v
    Info (12023): Found entity 1: median_filter File: C:/Users/aless/Documents/ALESSIO/Laurea_Magistrale/3_PSD/Codice/5_radar/median_filter.v Line: 1
Info (12021): Found 1 design units, including 1 entities, in source file sensor.bdf
    Info (12023): Found entity 1: sensor
Info (12021): Found 1 design units, including 1 entities, in source file pwm.v
    Info (12023): Found entity 1: pwm File: C:/Users/aless/Documents/ALESSIO/Laurea_Magistrale/3_PSD/Codice/5_radar/pwm.v Line: 1
Info (12021): Found 1 design units, including 1 entities, in source file freqdivider.v
    Info (12023): Found entity 1: freqdivider File: C:/Users/aless/Documents/ALESSIO/Laurea_Magistrale/3_PSD/Codice/5_radar/freqdivider.v Line: 1
Info (12021): Found 1 design units, including 1 entities, in source file dutycycle.v
    Info (12023): Found entity 1: dutycycle File: C:/Users/aless/Documents/ALESSIO/Laurea_Magistrale/3_PSD/Codice/5_radar/dutycycle.v Line: 1
Info (12021): Found 1 design units, including 1 entities, in source file trigger.v
    Info (12023): Found entity 1: trigger File: C:/Users/aless/Documents/ALESSIO/Laurea_Magistrale/3_PSD/Codice/5_radar/trigger.v Line: 1
Info (12021): Found 1 design units, including 1 entities, in source file echo.v
    Info (12023): Found entity 1: echo File: C:/Users/aless/Documents/ALESSIO/Laurea_Magistrale/3_PSD/Codice/5_radar/echo.v Line: 1
Info (12021): Found 1 design units, including 1 entities, in source file bin2bcd.v
    Info (12023): Found entity 1: bin2bcd File: C:/Users/aless/Documents/ALESSIO/Laurea_Magistrale/3_PSD/Codice/5_radar/bin2bcd.v Line: 1
Info (12021): Found 1 design units, including 1 entities, in source file mux7seg.v
    Info (12023): Found entity 1: mux7seg File: C:/Users/aless/Documents/ALESSIO/Laurea_Magistrale/3_PSD/Codice/5_radar/mux7seg.v Line: 1
Info (12021): Found 1 design units, including 1 entities, in source file sr.v
    Info (12023): Found entity 1: SR File: C:/Users/aless/Documents/ALESSIO/Laurea_Magistrale/3_PSD/Codice/5_radar/SR.v Line: 1
Info (12021): Found 1 design units, including 1 entities, in source file enabler.v
    Info (12023): Found entity 1: enabler File: C:/Users/aless/Documents/ALESSIO/Laurea_Magistrale/3_PSD/Codice/5_radar/enabler.v Line: 1
Info (12021): Found 1 design units, including 1 entities, in source file mux_valid.v
    Info (12023): Found entity 1: mux_valid File: C:/Users/aless/Documents/ALESSIO/Laurea_Magistrale/3_PSD/Codice/5_radar/mux_valid.v Line: 1
Info (12021): Found 1 design units, including 1 entities, in source file radar.bdf
    Info (12023): Found entity 1: radar
Info (12021): Found 1 design units, including 1 entities, in source file vga.bdf
    Info (12023): Found entity 1: vga
Info (12021): Found 1 design units, including 1 entities, in source file dff_base.v
    Info (12023): Found entity 1: dff_base File: C:/Users/aless/Documents/ALESSIO/Laurea_Magistrale/3_PSD/Codice/5_radar/dff_base.v Line: 1
Info (12021): Found 1 design units, including 1 entities, in source file sincronizzatore_ottimo.bdf
    Info (12023): Found entity 1: sincronizzatore_ottimo
Info (12021): Found 1 design units, including 1 entities, in source file mux_valid_12bit.v
    Info (12023): Found entity 1: mux_valid_12bit File: C:/Users/aless/Documents/ALESSIO/Laurea_Magistrale/3_PSD/Codice/5_radar/mux_valid_12bit.v Line: 1
Info (12021): Found 1 design units, including 1 entities, in source file ritardatore.bdf
    Info (12023): Found entity 1: ritardatore
Info (12127): Elaborating entity "radar" for the top level hierarchy
Info (12128): Elaborating entity "sensor" for hierarchy "sensor:inst6"
Info (12128): Elaborating entity "trigger" for hierarchy "sensor:inst6|trigger:inst2"
Warning (10230): Verilog HDL assignment warning at trigger.v(19): truncated value with size 32 to match size of target (23) File: C:/Users/aless/Documents/ALESSIO/Laurea_Magistrale/3_PSD/Codice/5_radar/trigger.v Line: 19
Warning (10230): Verilog HDL assignment warning at trigger.v(22): truncated value with size 32 to match size of target (1) File: C:/Users/aless/Documents/ALESSIO/Laurea_Magistrale/3_PSD/Codice/5_radar/trigger.v Line: 22
Info (12128): Elaborating entity "ritardatore" for hierarchy "sensor:inst6|ritardatore:inst13"
Info (12128): Elaborating entity "dff_base" for hierarchy "sensor:inst6|ritardatore:inst13|dff_base:inst10"
Info (12128): Elaborating entity "enabler" for hierarchy "sensor:inst6|enabler:inst1"
Warning (10230): Verilog HDL assignment warning at enabler.v(20): truncated value with size 32 to match size of target (3) File: C:/Users/aless/Documents/ALESSIO/Laurea_Magistrale/3_PSD/Codice/5_radar/enabler.v Line: 20
Info (12128): Elaborating entity "echo" for hierarchy "sensor:inst6|echo:inst10"
Warning (10230): Verilog HDL assignment warning at echo.v(50): truncated value with size 32 to match size of target (20) File: C:/Users/aless/Documents/ALESSIO/Laurea_Magistrale/3_PSD/Codice/5_radar/echo.v Line: 50
Warning (10230): Verilog HDL assignment warning at echo.v(72): truncated value with size 32 to match size of target (12) File: C:/Users/aless/Documents/ALESSIO/Laurea_Magistrale/3_PSD/Codice/5_radar/echo.v Line: 72
Info (12128): Elaborating entity "mux_valid_12bit" for hierarchy "sensor:inst6|mux_valid_12bit:inst9"
Info (12128): Elaborating entity "validator" for hierarchy "sensor:inst6|validator:inst8"
Info (12128): Elaborating entity "median_filter" for hierarchy "sensor:inst6|median_filter:inst7"
Info (12128): Elaborating entity "SR" for hierarchy "sensor:inst6|SR:inst"
Info (12128): Elaborating entity "mux7seg" for hierarchy "sensor:inst6|mux7seg:inst4"
Info (12128): Elaborating entity "mux_valid" for hierarchy "sensor:inst6|mux_valid:inst12"
Info (12128): Elaborating entity "bin2bcd" for hierarchy "sensor:inst6|bin2bcd:inst11"
Info (12128): Elaborating entity "sincronizzatore_ottimo" for hierarchy "sincronizzatore_ottimo:inst1"
Info (12128): Elaborating entity "vga" for hierarchy "vga:inst7"
Info (12128): Elaborating entity "vga_controller" for hierarchy "vga:inst7|vga_controller:inst1"
Info (12128): Elaborating entity "freqdivider" for hierarchy "vga:inst7|freqdivider:inst"
Info (12128): Elaborating entity "vga_graphics" for hierarchy "vga:inst7|vga_graphics:inst10"
Warning (10230): Verilog HDL assignment warning at vga_graphics.v(26): truncated value with size 32 to match size of target (10) File: C:/Users/aless/Documents/ALESSIO/Laurea_Magistrale/3_PSD/Codice/5_radar/vga_graphics.v Line: 26
Warning (10230): Verilog HDL assignment warning at vga_graphics.v(27): truncated value with size 32 to match size of target (10) File: C:/Users/aless/Documents/ALESSIO/Laurea_Magistrale/3_PSD/Codice/5_radar/vga_graphics.v Line: 27
Warning (10230): Verilog HDL assignment warning at vga_graphics.v(36): truncated value with size 32 to match size of target (13) File: C:/Users/aless/Documents/ALESSIO/Laurea_Magistrale/3_PSD/Codice/5_radar/vga_graphics.v Line: 36
Warning (10230): Verilog HDL assignment warning at vga_graphics.v(41): truncated value with size 32 to match size of target (10) File: C:/Users/aless/Documents/ALESSIO/Laurea_Magistrale/3_PSD/Codice/5_radar/vga_graphics.v Line: 41
Warning (10230): Verilog HDL assignment warning at vga_graphics.v(42): truncated value with size 32 to match size of target (10) File: C:/Users/aless/Documents/ALESSIO/Laurea_Magistrale/3_PSD/Codice/5_radar/vga_graphics.v Line: 42
Warning (10230): Verilog HDL assignment warning at vga_graphics.v(46): truncated value with size 32 to match size of target (10) File: C:/Users/aless/Documents/ALESSIO/Laurea_Magistrale/3_PSD/Codice/5_radar/vga_graphics.v Line: 46
Warning (10230): Verilog HDL assignment warning at vga_graphics.v(47): truncated value with size 32 to match size of target (10) File: C:/Users/aless/Documents/ALESSIO/Laurea_Magistrale/3_PSD/Codice/5_radar/vga_graphics.v Line: 47
Warning (10230): Verilog HDL assignment warning at vga_graphics.v(52): truncated value with size 32 to match size of target (4) File: C:/Users/aless/Documents/ALESSIO/Laurea_Magistrale/3_PSD/Codice/5_radar/vga_graphics.v Line: 52
Warning (10230): Verilog HDL assignment warning at vga_graphics.v(55): truncated value with size 32 to match size of target (4) File: C:/Users/aless/Documents/ALESSIO/Laurea_Magistrale/3_PSD/Codice/5_radar/vga_graphics.v Line: 55
Warning (10230): Verilog HDL assignment warning at vga_graphics.v(59): truncated value with size 32 to match size of target (4) File: C:/Users/aless/Documents/ALESSIO/Laurea_Magistrale/3_PSD/Codice/5_radar/vga_graphics.v Line: 59
Warning (10230): Verilog HDL assignment warning at vga_graphics.v(74): truncated value with size 32 to match size of target (18) File: C:/Users/aless/Documents/ALESSIO/Laurea_Magistrale/3_PSD/Codice/5_radar/vga_graphics.v Line: 74
Info (12128): Elaborating entity "rom" for hierarchy "vga:inst7|rom:inst3"
Info (12128): Elaborating entity "altsyncram" for hierarchy "vga:inst7|rom:inst3|altsyncram:altsyncram_component" File: C:/Users/aless/Documents/ALESSIO/Laurea_Magistrale/3_PSD/Codice/5_radar/rom.v Line: 81
Info (12130): Elaborated megafunction instantiation "vga:inst7|rom:inst3|altsyncram:altsyncram_component" File: C:/Users/aless/Documents/ALESSIO/Laurea_Magistrale/3_PSD/Codice/5_radar/rom.v Line: 81
Info (12133): Instantiated megafunction "vga:inst7|rom:inst3|altsyncram:altsyncram_component" with the following parameter: File: C:/Users/aless/Documents/ALESSIO/Laurea_Magistrale/3_PSD/Codice/5_radar/rom.v Line: 81
    Info (12134): Parameter "address_aclr_a" = "NONE"
    Info (12134): Parameter "clock_enable_input_a" = "BYPASS"
    Info (12134): Parameter "clock_enable_output_a" = "BYPASS"
    Info (12134): Parameter "init_file" = "../radar_green.mif"
    Info (12134): Parameter "intended_device_family" = "MAX 10"
    Info (12134): Parameter "lpm_hint" = "ENABLE_RUNTIME_MOD=NO"
    Info (12134): Parameter "lpm_type" = "altsyncram"
    Info (12134): Parameter "numwords_a" = "262144"
    Info (12134): Parameter "operation_mode" = "ROM"
    Info (12134): Parameter "outdata_aclr_a" = "NONE"
    Info (12134): Parameter "outdata_reg_a" = "UNREGISTERED"
    Info (12134): Parameter "widthad_a" = "18"
    Info (12134): Parameter "width_a" = "1"
    Info (12134): Parameter "width_byteena_a" = "1"
Info (12021): Found 1 design units, including 1 entities, in source file db/altsyncram_g3a1.tdf
    Info (12023): Found entity 1: altsyncram_g3a1 File: C:/Users/aless/Documents/ALESSIO/Laurea_Magistrale/3_PSD/Codice/5_radar/db/altsyncram_g3a1.tdf Line: 31
Info (12128): Elaborating entity "altsyncram_g3a1" for hierarchy "vga:inst7|rom:inst3|altsyncram:altsyncram_component|altsyncram_g3a1:auto_generated" File: c:/intelfpga_lite/18.1/quartus/libraries/megafunctions/altsyncram.tdf Line: 791
Info (12021): Found 1 design units, including 1 entities, in source file db/decode_pk9.tdf
    Info (12023): Found entity 1: decode_pk9 File: C:/Users/aless/Documents/ALESSIO/Laurea_Magistrale/3_PSD/Codice/5_radar/db/decode_pk9.tdf Line: 22
Info (12128): Elaborating entity "decode_pk9" for hierarchy "vga:inst7|rom:inst3|altsyncram:altsyncram_component|altsyncram_g3a1:auto_generated|decode_pk9:rden_decode" File: C:/Users/aless/Documents/ALESSIO/Laurea_Magistrale/3_PSD/Codice/5_radar/db/altsyncram_g3a1.tdf Line: 39
Info (12021): Found 1 design units, including 1 entities, in source file db/mux_93b.tdf
    Info (12023): Found entity 1: mux_93b File: C:/Users/aless/Documents/ALESSIO/Laurea_Magistrale/3_PSD/Codice/5_radar/db/mux_93b.tdf Line: 22
Info (12128): Elaborating entity "mux_93b" for hierarchy "vga:inst7|rom:inst3|altsyncram:altsyncram_component|altsyncram_g3a1:auto_generated|mux_93b:mux2" File: C:/Users/aless/Documents/ALESSIO/Laurea_Magistrale/3_PSD/Codice/5_radar/db/altsyncram_g3a1.tdf Line: 40
Info (12128): Elaborating entity "cos_lut" for hierarchy "vga:inst7|cos_lut:inst9"
Warning (10030): Net "lut.data_a" at cos_lut.v(7) has no driver or initial value, using a default initial value '0' File: C:/Users/aless/Documents/ALESSIO/Laurea_Magistrale/3_PSD/Codice/5_radar/cos_lut.v Line: 7
Warning (10030): Net "lut.waddr_a" at cos_lut.v(7) has no driver or initial value, using a default initial value '0' File: C:/Users/aless/Documents/ALESSIO/Laurea_Magistrale/3_PSD/Codice/5_radar/cos_lut.v Line: 7
Warning (10030): Net "lut.we_a" at cos_lut.v(7) has no driver or initial value, using a default initial value '0' File: C:/Users/aless/Documents/ALESSIO/Laurea_Magistrale/3_PSD/Codice/5_radar/cos_lut.v Line: 7
Info (12128): Elaborating entity "sin_lut" for hierarchy "vga:inst7|sin_lut:inst8"
Warning (10030): Net "lut.data_a" at sin_lut.v(7) has no driver or initial value, using a default initial value '0' File: C:/Users/aless/Documents/ALESSIO/Laurea_Magistrale/3_PSD/Codice/5_radar/sin_lut.v Line: 7
Warning (10030): Net "lut.waddr_a" at sin_lut.v(7) has no driver or initial value, using a default initial value '0' File: C:/Users/aless/Documents/ALESSIO/Laurea_Magistrale/3_PSD/Codice/5_radar/sin_lut.v Line: 7
Warning (10030): Net "lut.we_a" at sin_lut.v(7) has no driver or initial value, using a default initial value '0' File: C:/Users/aless/Documents/ALESSIO/Laurea_Magistrale/3_PSD/Codice/5_radar/sin_lut.v Line: 7
Info (12128): Elaborating entity "motor" for hierarchy "motor:inst"
Info (12128): Elaborating entity "pwm" for hierarchy "motor:inst|pwm:inst2"
Warning (10230): Verilog HDL assignment warning at pwm.v(26): truncated value with size 32 to match size of target (20) File: C:/Users/aless/Documents/ALESSIO/Laurea_Magistrale/3_PSD/Codice/5_radar/pwm.v Line: 26
Warning (10230): Verilog HDL assignment warning at pwm.v(30): truncated value with size 32 to match size of target (1) File: C:/Users/aless/Documents/ALESSIO/Laurea_Magistrale/3_PSD/Codice/5_radar/pwm.v Line: 30
Info (12128): Elaborating entity "dutycycle" for hierarchy "motor:inst|dutycycle:inst"
Warning (10230): Verilog HDL assignment warning at dutycycle.v(33): truncated value with size 32 to match size of target (20) File: C:/Users/aless/Documents/ALESSIO/Laurea_Magistrale/3_PSD/Codice/5_radar/dutycycle.v Line: 33
Warning (10230): Verilog HDL assignment warning at dutycycle.v(34): truncated value with size 32 to match size of target (8) File: C:/Users/aless/Documents/ALESSIO/Laurea_Magistrale/3_PSD/Codice/5_radar/dutycycle.v Line: 34
Warning (10230): Verilog HDL assignment warning at dutycycle.v(37): truncated value with size 32 to match size of target (20) File: C:/Users/aless/Documents/ALESSIO/Laurea_Magistrale/3_PSD/Codice/5_radar/dutycycle.v Line: 37
Warning (10230): Verilog HDL assignment warning at dutycycle.v(44): truncated value with size 32 to match size of target (20) File: C:/Users/aless/Documents/ALESSIO/Laurea_Magistrale/3_PSD/Codice/5_radar/dutycycle.v Line: 44
Warning (10230): Verilog HDL assignment warning at dutycycle.v(45): truncated value with size 32 to match size of target (8) File: C:/Users/aless/Documents/ALESSIO/Laurea_Magistrale/3_PSD/Codice/5_radar/dutycycle.v Line: 45
Warning (10230): Verilog HDL assignment warning at dutycycle.v(48): truncated value with size 32 to match size of target (20) File: C:/Users/aless/Documents/ALESSIO/Laurea_Magistrale/3_PSD/Codice/5_radar/dutycycle.v Line: 48
Info (276014): Found 2 instances of uninferred RAM logic
    Info (276004): RAM logic "vga:inst7|cos_lut:inst9|lut" is uninferred due to inappropriate RAM size File: C:/Users/aless/Documents/ALESSIO/Laurea_Magistrale/3_PSD/Codice/5_radar/cos_lut.v Line: 7
    Info (276004): RAM logic "vga:inst7|sin_lut:inst8|lut" is uninferred due to inappropriate RAM size File: C:/Users/aless/Documents/ALESSIO/Laurea_Magistrale/3_PSD/Codice/5_radar/sin_lut.v Line: 7
Info (278001): Inferred 5 megafunctions from design logic
    Info (278003): Inferred multiplier megafunction ("lpm_mult") from the following logic: "vga:inst7|vga_graphics:inst10|Mult1" File: C:/Users/aless/Documents/ALESSIO/Laurea_Magistrale/3_PSD/Codice/5_radar/vga_graphics.v Line: 46
    Info (278003): Inferred multiplier megafunction ("lpm_mult") from the following logic: "vga:inst7|vga_graphics:inst10|Mult0" File: C:/Users/aless/Documents/ALESSIO/Laurea_Magistrale/3_PSD/Codice/5_radar/vga_graphics.v Line: 36
    Info (278003): Inferred multiplier megafunction ("lpm_mult") from the following logic: "vga:inst7|vga_graphics:inst10|Mult3" File: C:/Users/aless/Documents/ALESSIO/Laurea_Magistrale/3_PSD/Codice/5_radar/vga_graphics.v Line: 74
    Info (278003): Inferred multiplier megafunction ("lpm_mult") from the following logic: "sensor:inst6|echo:inst10|Mult0" File: C:/Users/aless/Documents/ALESSIO/Laurea_Magistrale/3_PSD/Codice/5_radar/echo.v Line: 72
    Info (278003): Inferred multiplier megafunction ("lpm_mult") from the following logic: "vga:inst7|vga_graphics:inst10|Mult2" File: C:/Users/aless/Documents/ALESSIO/Laurea_Magistrale/3_PSD/Codice/5_radar/vga_graphics.v Line: 47
Info (12130): Elaborated megafunction instantiation "vga:inst7|vga_graphics:inst10|lpm_mult:Mult1" File: C:/Users/aless/Documents/ALESSIO/Laurea_Magistrale/3_PSD/Codice/5_radar/vga_graphics.v Line: 46
Info (12133): Instantiated megafunction "vga:inst7|vga_graphics:inst10|lpm_mult:Mult1" with the following parameter: File: C:/Users/aless/Documents/ALESSIO/Laurea_Magistrale/3_PSD/Codice/5_radar/vga_graphics.v Line: 46
    Info (12134): Parameter "LPM_WIDTHA" = "10"
    Info (12134): Parameter "LPM_WIDTHB" = "8"
    Info (12134): Parameter "LPM_WIDTHP" = "18"
    Info (12134): Parameter "LPM_WIDTHR" = "18"
    Info (12134): Parameter "LPM_WIDTHS" = "1"
    Info (12134): Parameter "LPM_REPRESENTATION" = "SIGNED"
    Info (12134): Parameter "INPUT_A_IS_CONSTANT" = "NO"
    Info (12134): Parameter "INPUT_B_IS_CONSTANT" = "NO"
    Info (12134): Parameter "MAXIMIZE_SPEED" = "6"
Info (12021): Found 1 design units, including 1 entities, in source file db/mult_9fs.tdf
    Info (12023): Found entity 1: mult_9fs File: C:/Users/aless/Documents/ALESSIO/Laurea_Magistrale/3_PSD/Codice/5_radar/db/mult_9fs.tdf Line: 28
Info (12130): Elaborated megafunction instantiation "vga:inst7|vga_graphics:inst10|lpm_mult:Mult0" File: C:/Users/aless/Documents/ALESSIO/Laurea_Magistrale/3_PSD/Codice/5_radar/vga_graphics.v Line: 36
Info (12133): Instantiated megafunction "vga:inst7|vga_graphics:inst10|lpm_mult:Mult0" with the following parameter: File: C:/Users/aless/Documents/ALESSIO/Laurea_Magistrale/3_PSD/Codice/5_radar/vga_graphics.v Line: 36
    Info (12134): Parameter "LPM_WIDTHA" = "12"
    Info (12134): Parameter "LPM_WIDTHB" = "10"
    Info (12134): Parameter "LPM_WIDTHP" = "22"
    Info (12134): Parameter "LPM_WIDTHR" = "22"
    Info (12134): Parameter "LPM_WIDTHS" = "1"
    Info (12134): Parameter "LPM_REPRESENTATION" = "UNSIGNED"
    Info (12134): Parameter "INPUT_A_IS_CONSTANT" = "NO"
    Info (12134): Parameter "INPUT_B_IS_CONSTANT" = "YES"
    Info (12134): Parameter "MAXIMIZE_SPEED" = "5"
Info (12131): Elaborated megafunction instantiation "vga:inst7|vga_graphics:inst10|lpm_mult:Mult0|multcore:mult_core", which is child of megafunction instantiation "vga:inst7|vga_graphics:inst10|lpm_mult:Mult0" File: c:/intelfpga_lite/18.1/quartus/libraries/megafunctions/lpm_mult.tdf Line: 308
Info (12131): Elaborated megafunction instantiation "vga:inst7|vga_graphics:inst10|lpm_mult:Mult0|multcore:mult_core|mpar_add:padder", which is child of megafunction instantiation "vga:inst7|vga_graphics:inst10|lpm_mult:Mult0" File: c:/intelfpga_lite/18.1/quartus/libraries/megafunctions/multcore.tdf Line: 228
Info (12131): Elaborated megafunction instantiation "vga:inst7|vga_graphics:inst10|lpm_mult:Mult0|multcore:mult_core|mpar_add:padder|lpm_add_sub:adder[0]", which is child of megafunction instantiation "vga:inst7|vga_graphics:inst10|lpm_mult:Mult0" File: c:/intelfpga_lite/18.1/quartus/libraries/megafunctions/mpar_add.tdf Line: 78
Info (12021): Found 1 design units, including 1 entities, in source file db/add_sub_drg.tdf
    Info (12023): Found entity 1: add_sub_drg File: C:/Users/aless/Documents/ALESSIO/Laurea_Magistrale/3_PSD/Codice/5_radar/db/add_sub_drg.tdf Line: 22
Info (12131): Elaborated megafunction instantiation "vga:inst7|vga_graphics:inst10|lpm_mult:Mult0|multcore:mult_core|mpar_add:padder|mpar_add:sub_par_add", which is child of megafunction instantiation "vga:inst7|vga_graphics:inst10|lpm_mult:Mult0" File: c:/intelfpga_lite/18.1/quartus/libraries/megafunctions/mpar_add.tdf Line: 138
Info (12131): Elaborated megafunction instantiation "vga:inst7|vga_graphics:inst10|lpm_mult:Mult0|multcore:mult_core|mpar_add:padder|mpar_add:sub_par_add|lpm_add_sub:adder[0]", which is child of megafunction instantiation "vga:inst7|vga_graphics:inst10|lpm_mult:Mult0" File: c:/intelfpga_lite/18.1/quartus/libraries/megafunctions/mpar_add.tdf Line: 78
Info (12021): Found 1 design units, including 1 entities, in source file db/add_sub_hrg.tdf
    Info (12023): Found entity 1: add_sub_hrg File: C:/Users/aless/Documents/ALESSIO/Laurea_Magistrale/3_PSD/Codice/5_radar/db/add_sub_hrg.tdf Line: 22
Info (12131): Elaborated megafunction instantiation "vga:inst7|vga_graphics:inst10|lpm_mult:Mult0|altshift:external_latency_ffs", which is child of megafunction instantiation "vga:inst7|vga_graphics:inst10|lpm_mult:Mult0" File: c:/intelfpga_lite/18.1/quartus/libraries/megafunctions/lpm_mult.tdf Line: 351
Info (12130): Elaborated megafunction instantiation "vga:inst7|vga_graphics:inst10|lpm_mult:Mult3" File: C:/Users/aless/Documents/ALESSIO/Laurea_Magistrale/3_PSD/Codice/5_radar/vga_graphics.v Line: 74
Info (12133): Instantiated megafunction "vga:inst7|vga_graphics:inst10|lpm_mult:Mult3" with the following parameter: File: C:/Users/aless/Documents/ALESSIO/Laurea_Magistrale/3_PSD/Codice/5_radar/vga_graphics.v Line: 74
    Info (12134): Parameter "LPM_WIDTHA" = "10"
    Info (12134): Parameter "LPM_WIDTHB" = "10"
    Info (12134): Parameter "LPM_WIDTHP" = "20"
    Info (12134): Parameter "LPM_WIDTHR" = "20"
    Info (12134): Parameter "LPM_WIDTHS" = "1"
    Info (12134): Parameter "LPM_REPRESENTATION" = "UNSIGNED"
    Info (12134): Parameter "INPUT_A_IS_CONSTANT" = "NO"
    Info (12134): Parameter "INPUT_B_IS_CONSTANT" = "YES"
    Info (12134): Parameter "MAXIMIZE_SPEED" = "6"
Info (12131): Elaborated megafunction instantiation "vga:inst7|vga_graphics:inst10|lpm_mult:Mult3|multcore:mult_core", which is child of megafunction instantiation "vga:inst7|vga_graphics:inst10|lpm_mult:Mult3" File: c:/intelfpga_lite/18.1/quartus/libraries/megafunctions/lpm_mult.tdf Line: 308
Info (12131): Elaborated megafunction instantiation "vga:inst7|vga_graphics:inst10|lpm_mult:Mult3|multcore:mult_core|mpar_add:padder", which is child of megafunction instantiation "vga:inst7|vga_graphics:inst10|lpm_mult:Mult3" File: c:/intelfpga_lite/18.1/quartus/libraries/megafunctions/multcore.tdf Line: 228
Info (12131): Elaborated megafunction instantiation "vga:inst7|vga_graphics:inst10|lpm_mult:Mult3|multcore:mult_core|mpar_add:padder|lpm_add_sub:adder[0]", which is child of megafunction instantiation "vga:inst7|vga_graphics:inst10|lpm_mult:Mult3" File: c:/intelfpga_lite/18.1/quartus/libraries/megafunctions/mpar_add.tdf Line: 78
Info (12131): Elaborated megafunction instantiation "vga:inst7|vga_graphics:inst10|lpm_mult:Mult3|multcore:mult_core|mpar_add:padder|mpar_add:sub_par_add|lpm_add_sub:adder[0]", which is child of megafunction instantiation "vga:inst7|vga_graphics:inst10|lpm_mult:Mult3" File: c:/intelfpga_lite/18.1/quartus/libraries/megafunctions/mpar_add.tdf Line: 78
Info (12131): Elaborated megafunction instantiation "vga:inst7|vga_graphics:inst10|lpm_mult:Mult3|altshift:external_latency_ffs", which is child of megafunction instantiation "vga:inst7|vga_graphics:inst10|lpm_mult:Mult3" File: c:/intelfpga_lite/18.1/quartus/libraries/megafunctions/lpm_mult.tdf Line: 351
Info (12130): Elaborated megafunction instantiation "sensor:inst6|echo:inst10|lpm_mult:Mult0" File: C:/Users/aless/Documents/ALESSIO/Laurea_Magistrale/3_PSD/Codice/5_radar/echo.v Line: 72
Info (12133): Instantiated megafunction "sensor:inst6|echo:inst10|lpm_mult:Mult0" with the following parameter: File: C:/Users/aless/Documents/ALESSIO/Laurea_Magistrale/3_PSD/Codice/5_radar/echo.v Line: 72
    Info (12134): Parameter "LPM_WIDTHA" = "20"
    Info (12134): Parameter "LPM_WIDTHB" = "8"
    Info (12134): Parameter "LPM_WIDTHP" = "28"
    Info (12134): Parameter "LPM_WIDTHR" = "28"
    Info (12134): Parameter "LPM_WIDTHS" = "1"
    Info (12134): Parameter "LPM_REPRESENTATION" = "UNSIGNED"
    Info (12134): Parameter "INPUT_A_IS_CONSTANT" = "NO"
    Info (12134): Parameter "INPUT_B_IS_CONSTANT" = "YES"
    Info (12134): Parameter "MAXIMIZE_SPEED" = "5"
Info (12021): Found 1 design units, including 1 entities, in source file db/mult_1qs.tdf
    Info (12023): Found entity 1: mult_1qs File: C:/Users/aless/Documents/ALESSIO/Laurea_Magistrale/3_PSD/Codice/5_radar/db/mult_1qs.tdf Line: 30
Info (12130): Elaborated megafunction instantiation "vga:inst7|vga_graphics:inst10|lpm_mult:Mult2" File: C:/Users/aless/Documents/ALESSIO/Laurea_Magistrale/3_PSD/Codice/5_radar/vga_graphics.v Line: 47
Info (12133): Instantiated megafunction "vga:inst7|vga_graphics:inst10|lpm_mult:Mult2" with the following parameter: File: C:/Users/aless/Documents/ALESSIO/Laurea_Magistrale/3_PSD/Codice/5_radar/vga_graphics.v Line: 47
    Info (12134): Parameter "LPM_WIDTHA" = "10"
    Info (12134): Parameter "LPM_WIDTHB" = "8"
    Info (12134): Parameter "LPM_WIDTHP" = "18"
    Info (12134): Parameter "LPM_WIDTHR" = "18"
    Info (12134): Parameter "LPM_WIDTHS" = "1"
    Info (12134): Parameter "LPM_REPRESENTATION" = "SIGNED"
    Info (12134): Parameter "INPUT_A_IS_CONSTANT" = "NO"
    Info (12134): Parameter "INPUT_B_IS_CONSTANT" = "NO"
    Info (12134): Parameter "MAXIMIZE_SPEED" = "6"
Info (13014): Ignored 18 buffer(s)
    Info (13019): Ignored 18 SOFT buffer(s)
Info (286030): Timing-Driven Synthesis is running
Info (17049): 3 registers lost all their fanouts during netlist optimizations.
Info (16010): Generating hard_block partition "hard_block:auto_generated_inst"
    Info (16011): Adding 0 node(s), including 0 DDIO, 0 PLL, 0 transceiver and 0 LCELL
Info (21057): Implemented 1192 device resources after synthesis - the final resource count might be different
    Info (21058): Implemented 4 input pins
    Info (21059): Implemented 44 output pins
    Info (21061): Implemented 1105 logic cells
    Info (21064): Implemented 32 RAM segments
    Info (21062): Implemented 7 DSP elements
Info: Quartus Prime Analysis & Synthesis was successful. 0 errors, 31 warnings
    Info: Peak virtual memory: 4835 megabytes
    Info: Processing ended: Sun Jan 11 17:28:41 2026
    Info: Elapsed time: 00:00:11
    Info: Total CPU time (on all processors): 00:00:20


